data_criacao,horas_energia,dia_semana,estacao,temperatura,pessoas,consumo_kwh,gasto_euros
2024-01-26 06:47:00,16,segunda,inverno,1.6611250293642343,2,40.52624003758621,6.078936005637932
2024-08-14 05:30:00,16,sábado,verão,23.361503295868417,1,22.767574739570524,3.4151362109355783
2024-11-23 21:23:00,14,domingo,outono,14.495072863089902,3,68.52241220915846,10.278361831373768
2024-07-11 09:25:00,15,quinta,verão,26.973638438304803,4,91.15782150128769,13.673673225193152
2024-08-01 21:30:00,6,sábado,verão,27.206529561098833,1,9.153044729775814,1.3729567094663722
2024-08-10 04:08:00,0,terça,verão,28.86406989581008,4,0.0,0.0
2024-08-02 10:02:00,22,sábado,verão,25.171116593183488,1,32.36705506800098,4.855058260200146
2024-03-11 11:03:00,10,sexta,primavera,14.203416944799345,2,29.468944629866233,4.4203416944799345
2024-04-02 00:43:00,9,segunda,primavera,17.049377882394793,1,14.114813364718438,2.1172220047077657
2024-02-16 07:13:00,2,quarta,inverno,1.7919651479565468,4,10.173428847346093,1.526014327101914
2024-09-23 05:52:00,8,quinta,outono,10.044651097401594,1,11.746430988571134,1.7619646482856701
2024-09-22 17:59:00,8,segunda,outono,9.918069045284533,2,23.418600506566925,3.5127900759850386
2024-07-29 17:05:00,4,sexta,verão,22.393491285302392,2,11.17727814086451,1.6765917211296766
2024-02-11 18:10:00,3,terça,inverno,7.233181185116977,5,22.339908711070187,3.350986306660528
2024-03-14 09:29:00,23,quarta,primavera,14.698510893946292,4,137.07543340810196,20.561315011215292
2024-07-10 23:56:00,12,quarta,verão,29.208349957944936,2,37.89334397308477,5.684001595962715
2024-06-02 10:55:00,0,sexta,verão,22.689137290036847,4,0.0,0.0
2024-07-09 06:18:00,17,domingo,verão,24.950023376500447,5,124.55338632006767,18.68300794801015
2024-08-16 12:57:00,1,segunda,verão,21.103430672270004,3,4.088274453781601,0.6132411680672402
2024-01-27 08:29:00,24,terça,inverno,1.3323627219829595,3,90.23720463931092,13.535580695896638
2024-05-29 09:28:00,22,domingo,primavera,13.933501372439054,4,128.87160402582123,19.330740603873185
2024-06-18 14:38:00,7,quinta,verão,22.61831944471258,3,29.466258889039043,4.4199388333558565
2024-04-23 12:22:00,9,domingo,primavera,12.747942970906324,1,12.824382891271895,1.9236574336907841
2024-11-03 04:42:00,6,sábado,outono,8.299798455526675,4,33.70382264086348,5.055573396129522
2024-01-12 01:32:00,3,segunda,inverno,0.820049229796636,2,7.3968118151511915,1.1095217722726787
2024-09-14 09:41:00,15,quinta,outono,6.094440561136639,5,99.25971154312576,14.888956731468863
2024-02-14 19:49:00,14,domingo,inverno,7.5925072473044235,3,63.155412175471426,9.473311826320714
2024-06-02 03:01:00,8,quarta,verão,26.772619922602807,4,48.44596900062106,7.266895350093159
2024-01-12 20:52:00,16,terça,inverno,4.716933463385705,2,44.437674833133705,6.6656512249700555
2024-05-22 09:47:00,21,segunda,primavera,18.407221169358564,1,33.885054818551,5.082758222782649
2024-03-03 21:40:00,5,domingo,primavera,13.983646796074012,1,7.330607799345668,1.0995911699018501
2024-09-04 05:09:00,13,quarta,outono,12.293815792910454,5,100.80026097310325,15.120039145965487
2024-08-30 05:05:00,18,segunda,verão,21.563769924102782,4,99.00243825427735,14.850365738141601
2024-11-14 09:17:00,23,quinta,outono,10.05515800641836,2,67.5596998374923,10.133954975623846
2024-05-04 15:41:00,4,sexta,primavera,13.29546764691715,4,23.090916078355814,3.463637411753372
2024-06-05 18:04:00,17,quarta,verão,22.690500849000042,1,23.88636038488002,3.582954057732003
2024-07-09 09:21:00,0,quarta,verão,28.78035781774655,4,0.0,0.0
2024-08-28 12:44:00,14,terça,verão,28.701410420278886,5,109.57596611785392,16.436394917678086
2024-11-14 16:49:00,22,quinta,outono,14.40583821526197,2,71.64141898728931,10.746212848093396
2024-03-02 16:59:00,14,terça,primavera,19.410222949305883,5,115.29052021504707,17.29357803225706
2024-12-20 19:20:00,12,sábado,inverno,9.846558745677175,1,19.12634819792504,2.8689522296887557
2024-08-12 06:07:00,1,quarta,verão,27.06769376045422,4,6.087220667781783,0.9130831001672675
2024-05-21 14:04:00,23,quarta,primavera,16.76877561706671,3,107.56818391925344,16.135227587888014
2024-03-12 10:27:00,6,quinta,primavera,15.066010291966094,1,9.013202058393219,1.3519803087589828
2024-09-21 06:44:00,17,sábado,outono,12.173152035918218,2,52.57586287144472,7.886379430716707
2024-09-26 18:45:00,7,terça,outono,7.646343393396004,3,28.987684412914923,4.348152661937238
2024-02-27 11:20:00,11,sexta,inverno,7.736288780067806,4,66.41586825291934,9.9623802379379
2024-07-06 21:48:00,21,domingo,verão,21.571525545804047,4,115.52021722260108,17.32803258339016
2024-10-13 10:03:00,10,terça,outono,11.117770266022053,5,75.38257882104044,11.307386823156065
2024-11-20 18:45:00,15,segunda,outono,12.879900123528724,1,23.5839450679408,3.5375917601911198
2024-01-31 00:20:00,10,sexta,inverno,1.3868386495501053,1,12.554735459820042,1.8832103189730063
2024-05-02 15:48:00,12,quarta,primavera,13.662782164017448,5,87.3255643280349,13.098834649205235
2024-01-20 01:09:00,24,quarta,inverno,5.48872164615657,3,102.20751834093092,15.331127751139636
2024-01-21 06:02:00,9,sexta,inverno,8.56670604654439,3,41.65204253026794,6.247806379540191
2024-10-04 14:04:00,18,quarta,outono,13.622026327438956,4,115.16214950443884,17.274322425665826
2024-12-14 00:23:00,1,terça,inverno,5.4821092669071785,2,2.838568741352574,0.4257853112028861
2024-09-12 01:48:00,24,quinta,outono,11.071553292136063,2,72.28593379415948,10.842890069123921
2024-08-01 09:14:00,23,quarta,verão,22.97166834604967,2,64.97857983782094,9.74678697567314
2024-07-05 20:22:00,12,sábado,verão,28.805220549170517,3,56.4530117272037,8.467951759080554
2024-05-16 14:39:00,8,sábado,primavera,12.34219620965949,3,33.873756967727594,5.081063545159139
2024-07-22 02:10:00,21,domingo,verão,24.582114806780602,3,91.69795287539142,13.754692931308712
2024-04-10 15:59:00,15,domingo,primavera,13.230276235297195,1,21.615138117648595,3.242270717647289
2024-10-06 18:28:00,1,domingo,outono,9.446445594123748,4,5.785478687138149,0.8678218030707224
2024-02-05 07:06:00,14,sábado,inverno,3.4698470919152937,3,56.229343114417695,8.434401467162655
2024-04-03 19:41:00,10,sábado,primavera,19.620362679378083,1,16.54012089312603,2.4810181339689046
2024-12-04 12:30:00,21,sexta,inverno,4.152495435369163,1,28.6880961657101,4.303214424856515
2024-10-08 14:33:00,20,terça,outono,8.23286582699577,1,28.0374349397969,4.205615240969535
2024-10-14 20:02:00,2,sábado,outono,7.6374581998227296,4,11.040321071948002,1.6560481607922002
2024-12-24 03:32:00,19,segunda,inverno,2.6401746553425776,4,99.22613095224143,14.883919642836215
2024-03-07 23:30:00,13,quarta,primavera,19.87045018287555,3,64.83158523773821,9.72473778566073
2024-05-22 00:02:00,20,terça,primavera,15.532927283767197,1,30.355284855844793,4.553292728376719
2024-12-27 12:58:00,18,domingo,inverno,9.379418483597108,4,113.41272523275966,17.01190878491395
2024-06-21 02:00:00,0,quarta,verão,22.370212260423948,3,0.0,0.0
2024-05-01 17:51:00,4,sexta,primavera,18.857550804990698,2,13.028680214664186,1.9543020321996278
2024-10-03 02:29:00,10,segunda,outono,5.067156756798305,3,38.57387243247813,5.78608086487172
2024-12-20 17:00:00,23,domingo,inverno,2.8461734710981723,5,151.0923979670516,22.663859695057738
2024-03-17 08:08:00,24,quinta,primavera,10.151066038213894,3,96.36255849171334,14.454383773757002
2024-12-25 07:42:00,16,quarta,inverno,3.7047636131601203,4,86.28419484968991,12.942629227453486
2024-01-23 13:36:00,20,domingo,inverno,5.313137355095173,3,84.75152965222841,12.712729447834262
2024-05-07 09:39:00,16,domingo,primavera,19.58216755193217,5,132.21911347181913,19.83286702077287
2024-10-05 22:17:00,6,terça,outono,10.026003296466262,3,26.417162175667734,3.96257432635016
2024-05-19 17:04:00,21,sábado,primavera,15.06824395320485,4,126.19108306897358,18.928662460346036
2024-04-29 22:57:00,18,sexta,primavera,19.69502361153641,5,149.0850708346092,22.36276062519138
2024-02-14 15:46:00,10,sexta,inverno,7.714541179835477,5,75.42908235967094,11.31436235395064
2024-03-07 23:36:00,16,segunda,primavera,15.401484484364024,4,96.85650023330992,14.528475034996486
2024-02-22 02:48:00,6,sábado,inverno,8.728170583816713,2,18.58952188023202,2.7884282820348028
2024-11-24 06:33:00,16,domingo,outono,8.4427104140755,5,112.76528388128814,16.914792582193222
2024-08-07 00:21:00,13,sexta,verão,23.434744731720446,4,74.09617936131902,11.114426904197853
2024-11-22 23:59:00,22,sexta,outono,5.580387390972891,2,57.40302499076961,8.610453748615441
2024-11-01 05:05:00,15,quarta,outono,10.667825417050462,4,89.46921591751101,13.42038238762665
2024-07-13 14:47:00,5,segunda,verão,29.583600112338694,3,23.83344004493548,3.575016006740322
2024-09-03 13:10:00,19,domingo,outono,5.654874913848956,5,124.19781428324056,18.629672142486083
2024-11-26 15:39:00,2,segunda,outono,7.093964115648456,5,13.601120175737767,2.040168026360665
2024-12-14 17:44:00,10,terça,inverno,8.16752105006028,3,45.801025260072336,6.870153789010851
2024-04-14 22:23:00,1,quinta,primavera,12.128443172982543,2,2.808562878198836,0.4212844317298254
2024-12-03 06:47:00,4,sexta,inverno,4.886392542457431,2,11.163645613586377,1.6745468420379566
2024-09-12 19:43:00,0,quarta,outono,5.7843322350036805,5,0.0,0.0
2024-06-04 06:06:00,6,terça,verão,25.421996030303912,5,44.33759682424313,6.650639523636469
2024-07-30 12:39:00,18,quinta,verão,24.932184104749556,1,26.36744837027979,3.955117255541968
2024-05-18 08:44:00,10,quinta,primavera,14.863541040172349,3,44.86354104017235,6.729531156025852
2024-09-21 01:04:00,13,sábado,outono,11.902044138017528,3,59.91992311736507,8.98798846760476
2024-09-26 19:02:00,16,quinta,outono,5.104705525252633,4,82.37904229925951,12.356856344888927
2024-09-03 21:41:00,21,domingo,outono,12.727315269667024,3,98.70009827293084,14.805014740939626
2024-06-11 03:31:00,9,quinta,verão,28.799026470725945,2,28.223532705948454,4.233529905892268
2024-01-13 23:48:00,10,quarta,inverno,9.415298279920577,3,47.2983579359047,7.094753690385704
2024-04-23 06:31:00,3,terça,primavera,17.42982643476876,5,23.714913217384378,3.5572369826076566
2024-01-25 14:54:00,19,quarta,inverno,7.167044092254674,4,112.98781404045423,16.94817210606813
2024-11-13 05:54:00,7,terça,outono,11.51973527372792,2,21.313464107180334,3.19701961607705
2024-08-17 07:38:00,23,quinta,verão,27.37347102522895,2,70.37812445761419,10.556718668642128
2024-07-15 20:05:00,9,terça,verão,25.95331364001762,2,26.85759054720846,4.0286385820812685
2024-01-02 05:44:00,11,terça,inverno,5.97845086859992,4,63.32207352873585,9.498311029310377
2024-04-02 16:37:00,14,terça,primavera,10.977221214062384,2,38.24540646645823,5.736810969968734
2024-06-05 14:46:00,22,segunda,verão,29.227555808175467,5,173.73416370398138,26.060124555597206
2024-10-02 23:39:00,19,segunda,outono,11.333879154008594,2,57.591871621251975,8.638780743187796
2024-11-18 06:19:00,23,sexta,outono,10.048526378300028,2,67.54851449139937,10.132277173709905
2024-12-15 22:07:00,7,sábado,inverno,2.556303926883683,4,36.46306039810973,5.46945905971646
2024-01-06 22:50:00,10,quinta,inverno,6.672487175414037,2,29.337989740331228,4.400698461049684
2024-03-21 18:30:00,18,sábado,primavera,12.96232682900508,3,77.33218829220915,11.599828243831373
2024-02-27 22:39:00,7,segunda,inverno,3.232827562848193,4,37.22076687038998,5.5831150305584964
2024-04-26 07:14:00,0,segunda,primavera,13.715602327218436,3,0.0,0.0
2024-12-11 12:30:00,24,terça,inverno,4.007521207064886,2,65.29444071756457,9.794166107634686
2024-01-10 11:23:00,18,sábado,inverno,6.81458544991491,4,106.02600609575492,15.903900914363238
2024-10-23 06:26:00,18,sábado,outono,10.792960085988707,4,107.69341462701018,16.15401219405153
2024-12-13 09:18:00,8,terça,inverno,0.47602659469079356,3,29.256985530903155,4.388547829635473
2024-06-20 11:07:00,16,sexta,verão,20.642997518698476,5,108.03839470655674,16.20575920598351
2024-07-04 01:11:00,8,quarta,verão,24.19465109072706,4,46.24610226408709,6.936915339613064
2024-02-15 20:14:00,20,sábado,inverno,2.2249913024666634,2,51.559986083946654,7.733997912591998
2024-10-15 18:34:00,18,terça,outono,5.139050427903509,2,46.38354656483263,6.957531984724894
2024-02-11 02:53:00,16,segunda,inverno,8.040735893303685,4,97.38428388685743,14.607642583028614
2024-12-15 04:04:00,15,segunda,inverno,5.864808827968757,5,107.59442648390626,16.139163972585937
2024-09-06 15:36:00,11,segunda,outono,9.247820502301094,3,47.489862807784334,7.12347942116765
2024-10-03 14:52:00,1,sexta,outono,10.642531792411507,1,1.4902261657217555,0.22353392485826332
2024-08-30 07:20:00,13,sexta,verão,29.3501992136992,1,20.57473572741572,3.086210359112358
2024-04-19 11:00:00,0,sábado,primavera,17.331063024439523,4,0.0,0.0
2024-01-20 12:57:00,16,domingo,inverno,1.7929405843542554,2,40.69496394797344,6.104244592196016
2024-10-23 04:04:00,9,quinta,outono,7.400248371363891,1,12.342081962550084,1.8513122943825127
2024-08-22 17:44:00,6,sábado,verão,29.792703368202687,1,9.566832538912433,1.4350248808368649
2024-12-10 15:47:00,23,segunda,inverno,2.9097285596720157,2,60.55390054979651,9.083085082469475
2024-05-05 03:10:00,17,domingo,primavera,14.326157689107141,5,125.5907801191369,18.838617017870533
2024-10-22 15:42:00,14,terça,outono,12.93144025830551,4,88.15255733038734,13.2228835995581
2024-05-28 18:06:00,2,sexta,primavera,10.38289705571564,5,13.460965685238547,2.019144852785782
2024-06-03 05:00:00,15,sábado,verão,24.597188571561095,1,21.838875428624437,3.2758313142936655
2024-08-20 09:59:00,16,domingo,verão,23.05877052297367,2,45.276817512937534,6.79152262694063
2024-12-10 13:36:00,24,terça,inverno,0.17673178335360884,5,144.84831256009733,21.727246884014598
2024-09-29 10:48:00,5,quarta,outono,12.60482082117391,3,23.43265145164565,3.5148977177468477
2024-07-21 08:50:00,19,quinta,verão,25.798076115649273,1,28.271025231928967,4.240653784789345
2024-10-15 12:46:00,23,terça,outono,7.64592449082076,1,31.748062987258844,4.762209448088827
2024-02-20 17:30:00,2,quarta,inverno,0.5717802686057025,4,9.782969685953825,1.4674454528930736
2024-12-09 22:32:00,18,domingo,inverno,3.2946256624833534,5,119.86065238494007,17.97909785774101
2024-05-07 21:47:00,9,domingo,primavera,13.006243453116735,5,64.5093651796751,9.676404776951264
2024-01-19 11:51:00,7,segunda,inverno,4.175890416791885,4,38.276997266806916,5.741549590021037
2024-12-19 16:27:00,23,quarta,inverno,3.649704863560266,3,92.87318542342632,13.930977813513948
2024-05-19 19:06:00,14,sexta,primavera,18.332362571851085,3,67.66530760059152,10.149796140088727
2024-08-27 23:15:00,17,quarta,verão,23.43071530758575,2,48.44384854554442,7.266577281831663
2024-05-19 13:00:00,24,sábado,primavera,16.548656736475014,1,37.23892538918001,5.585838808377002
2024-02-29 01:05:00,2,terça,inverno,5.396533075886954,5,14.158613230354783,2.1237919845532174
2024-02-28 04:26:00,10,domingo,inverno,0.34694602273951425,2,24.277556818191613,3.6416335227287417
2024-05-08 16:17:00,19,terça,primavera,14.50517087500791,5,140.93304110419172,21.139956165628757
2024-07-25 00:01:00,11,terça,verão,20.520293705476295,4,59.27714461442552,8.891571692163827
2024-02-21 00:22:00,3,quinta,inverno,8.390267055210177,3,13.820496139875663,2.0730744209813494
2024-08-26 07:33:00,19,quinta,verão,20.329991367336234,4,102.00211583780144,15.300317375670215
2024-08-05 03:50:00,4,segunda,verão,25.521144311185708,1,5.922255393193143,0.8883383089789714
2024-02-02 19:46:00,16,sábado,inverno,5.373392962273911,3,67.9169144875659,10.187537173134885
2024-01-08 10:53:00,1,segunda,inverno,6.959499854027361,2,2.956759988322189,0.4435139982483283
2024-01-08 23:08:00,14,quarta,inverno,0.6099964592473848,3,51.4247940515356,7.7137191077303395
2024-12-24 07:57:00,23,terça,inverno,4.794309640417276,3,96.03229460755169,14.404844191132753
2024-10-02 14:12:00,15,quinta,outono,8.541390313577631,2,42.39552934493539,6.359329401740308
2024-06-16 21:39:00,15,domingo,verão,29.359691985941872,5,118.71938397188374,17.80790759578256
2024-10-03 06:33:00,2,terça,outono,14.952918126126411,5,16.48273664624635,2.4724104969369525
2024-10-27 06:45:00,2,domingo,outono,8.486285865865431,4,11.28931052065386,1.6933965780980789
2024-11-14 06:36:00,11,domingo,outono,11.631985122387118,3,50.37470199808842,7.5562052997132625
2024-06-03 20:04:00,6,quinta,verão,27.79835940852676,5,46.23868752682141,6.935803129023211
2024-12-22 01:30:00,10,sexta,inverno,3.425652452233352,5,66.8513049044667,10.027695735670004
2024-06-09 13:52:00,20,sexta,verão,27.688080101282175,2,61.53395210803432,9.230092816205147
2024-06-14 02:55:00,11,sábado,verão,27.12299931665362,2,33.512159599103455,5.026823939865518
2024-11-05 14:47:00,13,segunda,outono,12.19078890209617,3,60.33282812999754,9.04992421949963
2024-12-12 20:20:00,3,sexta,inverno,2.576217696431061,5,19.545730617858634,2.931859592678795
2024-11-30 13:59:00,21,quarta,outono,9.833663538008626,1,30.671920924266644,4.600788138639996
2024-01-30 14:52:00,9,terça,inverno,6.123015937668892,2,26.0085714751216,3.9012857212682395
2024-05-12 11:26:00,10,quinta,primavera,15.245887355185621,5,75.40981225864269,11.311471838796402
2024-12-02 13:59:00,13,terça,inverno,7.927501755129263,1,19.72230091266722,2.958345136900083
2024-03-13 10:36:00,7,domingo,primavera,19.324481626196782,1,11.50904571277925,1.7263568569168875
2024-05-24 23:53:00,10,domingo,primavera,19.385832606766574,1,16.461944202255523,2.4692916303383283
2024-05-12 18:31:00,8,quinta,primavera,12.868153925046165,1,11.431507713345644,1.7147261570018466
2024-11-20 19:04:00,18,sexta,outono,11.398043407792231,4,109.2908345965715,16.393625189485725
2024-04-14 16:57:00,24,sexta,primavera,14.56420120390808,1,35.651360963126464,5.3477041444689695
2024-12-18 23:15:00,3,sábado,inverno,4.827585352063912,4,16.717240968990676,2.5075861453486015
2024-04-27 21:27:00,7,domingo,primavera,17.025697663563015,4,43.89065115265881,6.583597672898821
2024-09-17 09:40:00,21,quinta,outono,8.550788065497661,2,59.368213620866406,8.90523204312996
2024-07-10 11:38:00,0,quinta,verão,27.785030515457123,3,0.0,0.0
2024-10-10 01:21:00,15,quinta,outono,9.65235124900903,1,21.808793186954965,3.2713189780432446
2024-11-07 21:16:00,24,quinta,outono,10.457556512278849,1,35.60264973080539,5.340397459620808
2024-08-15 13:45:00,5,segunda,verão,28.82452321892071,2,15.686539525045522,2.352980928756828
2024-01-20 18:13:00,18,terça,inverno,7.451439073122682,1,26.96503613264833,4.044755419897249
2024-09-16 06:29:00,20,terça,outono,5.0210329425857845,3,77.04627247368873,11.556940871053309
2024-10-24 04:15:00,8,domingo,outono,12.857308451439874,3,37.71443143726709,5.657164715590063
2024-10-18 10:05:00,0,quinta,outono,13.602697586362437,1,0.0,0.0
2024-08-26 19:29:00,10,sábado,verão,23.609536817264704,2,28.591752969207842,4.288762945381176
2024-06-11 13:15:00,2,sexta,verão,22.370532004100056,4,11.17238016087468,1.6758570241312019
2024-07-30 10:06:00,24,quinta,verão,27.848168910703055,1,37.022828102849964,5.553424215427494
2024-01-31 03:02:00,21,domingo,inverno,4.859360538526328,2,58.563725704724234,8.784558855708635
2024-04-27 08:38:00,18,quarta,primavera,12.251977660799565,4,101.40474638591895,15.210711957887842
2024-05-20 22:38:00,3,terça,primavera,13.573367305685371,2,8.714673461137075,1.3072010191705612
2024-03-29 06:25:00,0,domingo,primavera,15.306848634151867,1,0.0,0.0
2024-07-07 16:20:00,16,domingo,verão,29.542773102558755,3,76.21474957127522,11.432212435691282
2024-04-08 04:52:00,21,domingo,primavera,19.246168848229882,1,34.47231819376092,5.170847729064138
2024-10-17 05:20:00,19,sexta,outono,10.116916711679597,4,111.7924745698805,16.768871185482073
2024-10-23 08:50:00,22,sexta,outono,5.316616969416307,4,113.95495075464996,17.093242613197493
2024-09-20 18:27:00,0,sexta,outono,6.169748436008185,1,0.0,0.0
2024-05-28 05:37:00,7,sábado,primavera,18.75839592697419,1,11.376959049627311,1.7065438574440968
2024-11-11 02:15:00,9,quinta,outono,8.444949668637536,4,50.747333562601554,7.612100034390233
2024-06-16 08:02:00,1,terça,verão,20.104127828579344,5,6.680550377143913,1.002082556571587
2024-07-06 02:01:00,6,sábado,verão,21.71050503430947,4,33.09472322195807,4.96420848329371
2024-11-01 17:16:00,8,domingo,outono,5.06594758632906,4,41.14404516795943,6.171606775193915
2024-09-19 10:48:00,11,sexta,outono,8.231090571922493,5,77.09936598671037,11.564904898006555
2024-10-14 07:32:00,21,terça,outono,10.374816539200896,5,155.44304367592346,23.31645655138852
2024-09-28 05:59:00,0,sexta,outono,14.50758618670221,3,0.0,0.0
2024-07-30 17:10:00,14,quarta,verão,22.612376700661354,3,58.92586190474072,8.838879285711108
2024-12-04 04:36:00,19,terça,inverno,2.2704265146583724,1,24.525524151140367,3.678828622671055
2024-07-03 19:30:00,14,quarta,verão,29.194544725935245,5,110.49648348841247,16.574472523261868
2024-08-11 21:11:00,10,segunda,verão,26.630579093348242,1,15.101487758226199,2.2652231637339297
2024-03-01 07:13:00,17,terça,primavera,16.89252123000154,4,106.2897147880035,15.943457218200523
2024-09-04 07:48:00,17,segunda,outono,7.804870105969269,5,117.82517849693757,17.673776774540634
2024-01-13 21:59:00,1,sexta,inverno,6.321621177258864,5,7.264324235451772,1.0896486353177657
2024-12-13 03:40:00,1,sábado,inverno,8.488082079004954,1,1.539523283160198,0.2309284924740297
2024-03-04 18:04:00,15,domingo,primavera,16.645832350076113,1,23.322916175038056,3.4984374262557085
2024-06-06 02:30:00,10,sábado,verão,23.658418585911374,5,71.54455811454851,10.731683717182277
2024-08-20 16:11:00,15,quinta,verão,26.44459467537487,1,22.57783787014995,3.3866756805224925
2024-03-04 10:52:00,1,sábado,primavera,17.85492496922369,5,7.975820828203948,1.1963731242305922
2024-12-05 05:49:00,7,quinta,inverno,3.9178958168116274,3,28.491032486121764,4.273654872918264
2024-03-05 05:16:00,23,segunda,primavera,17.530825531282073,5,182.2014978699146,27.330224680487188
2024-06-22 05:05:00,9,quarta,verão,21.225087764316125,1,12.294021063435869,1.8441031595153803
2024-11-16 15:12:00,0,quinta,outono,13.415438500548412,3,0.0,0.0
2024-07-12 06:56:00,13,sexta,verão,22.012822380600507,1,18.031111758608176,2.7046667637912263
2024-02-19 03:18:00,20,sábado,inverno,5.942159832517703,5,143.7686393300708,21.56529589951062
2024-05-31 15:51:00,0,sábado,primavera,15.87236014619336,4,0.0,0.0
2024-03-06 00:37:00,5,sábado,primavera,15.777635335079815,4,30.518423556719874,4.577763533507981
2024-08-16 04:20:00,19,sábado,verão,23.010236352949917,2,53.717039504322585,8.057555925648387
2024-11-28 03:59:00,11,terça,outono,11.743905015492992,1,16.83670835624884,2.5255062534373263
2024-11-20 01:33:00,12,terça,outono,9.282294563157508,2,34.56841921557861,5.185262882336791
2024-02-17 02:43:00,10,quinta,inverno,7.743401705565354,5,75.48680341113071,11.323020511669606
2024-12-22 05:17:00,11,domingo,inverno,6.179921583859128,2,31.838330993796028,4.775749649069404
2024-11-19 16:11:00,6,segunda,outono,8.958091124593988,4,34.283120189642716,5.142468028446407
2024-06-24 02:40:00,14,segunda,verão,23.092276392750744,2,39.642233039920555,5.946334955988083
2024-07-11 23:59:00,11,quinta,verão,26.5182703573994,4,66.31477055268196,9.947215582902293
2024-08-07 17:50:00,5,domingo,verão,23.899362166455017,2,14.373163244388005,2.1559744866582005
2024-03-05 14:54:00,23,domingo,primavera,10.672101467410316,4,124.72777783339164,18.709166675008746
2024-05-15 12:27:00,20,domingo,primavera,12.987225820956404,5,143.29075273652134,21.493612910478202
2024-12-12 16:14:00,14,domingo,inverno,3.5768352052909402,1,18.803027714962926,2.820454157244439
2024-07-23 18:00:00,16,sábado,verão,22.1869177800672,3,66.79925475848603,10.019888213772903
2024-09-04 17:21:00,19,quinta,outono,9.858798276701938,5,138.8414806638451,20.826222099576764
2024-08-20 11:32:00,9,domingo,verão,26.39202579254688,4,54.136344760845006,8.12045171412675
2024-06-03 11:55:00,16,sexta,verão,23.830080503254408,2,45.935002029443766,6.890250304416565
2024-01-31 23:41:00,4,sexta,inverno,0.14119859255542355,5,24.112958874044338,3.6169438311066506
2024-05-29 02:08:00,22,quarta,primavera,10.362361591207417,4,118.39626066754177,17.759439100131264
2024-08-31 22:19:00,6,quarta,verão,22.18953452231969,1,8.35032552357115,1.2525488285356725
2024-01-13 10:56:00,24,sábado,inverno,4.650483489920132,2,66.52892830064665,9.979339245096998
2024-05-30 10:05:00,20,sexta,primavera,11.641862097819333,3,83.28372419563867,12.4925586293458
2024-12-15 11:18:00,16,sábado,inverno,9.718146081746696,2,50.839226984635765,7.625884047695364
2024-05-25 16:39:00,11,quarta,primavera,16.27463441275028,2,33.93473190268354,5.09020978540253
2024-08-13 23:47:00,22,quinta,verão,24.223431219616884,1,31.811079648841908,4.771661947326286
2024-09-30 08:40:00,14,domingo,outono,10.504391505239488,2,41.58450861204588,6.237676291806882
2024-03-02 09:13:00,20,domingo,primavera,13.181464937694962,1,28.78764329179664,4.318146493769496
2024-08-15 14:29:00,8,domingo,verão,23.294062126087095,1,11.369399920231913,1.705409988034787
2024-06-24 21:23:00,16,domingo,verão,25.37415812214897,5,118.13153732725114,17.71973059908767
2024-09-04 07:05:00,3,quinta,outono,9.357653079980206,5,21.64670919398911,3.2470063790983663
2024-01-24 23:56:00,17,quinta,inverno,8.291625393323269,5,130.1915263372991,19.528728950594864
2024-04-13 23:38:00,17,terça,primavera,15.966547526799989,2,52.095420530373325,7.8143130795559985
2024-09-26 20:10:00,17,sábado,outono,13.843395537097651,5,136.64524942395437,20.496787413593154
2024-03-05 07:35:00,8,domingo,primavera,12.438282564920701,1,11.316875350645521,1.6975313025968282
2024-10-13 20:09:00,18,terça,outono,12.388975301928271,4,111.90689479709064,16.786034219563597
2024-10-19 12:52:00,0,segunda,outono,10.000836644511212,4,0.0,0.0
2024-08-29 23:05:00,15,segunda,verão,29.239374156023583,1,23.695749662409433,3.554362449361415
2024-03-26 23:05:00,5,quarta,primavera,19.194503772816276,2,16.398167924272094,2.4597251886408142
2024-03-17 18:05:00,23,segunda,primavera,12.112838881536842,4,129.14603923671297,19.371905885506944
2024-06-24 20:38:00,19,quinta,verão,23.94244652904024,2,54.66167914942744,8.199251872414116
2024-10-18 19:32:00,22,terça,outono,8.757130803909048,1,31.2640855151533,4.689612827272995
2024-09-12 12:54:00,16,segunda,outono,8.89672273687061,3,68.45823201689228,10.268734802533842
2024-02-08 17:32:00,3,sexta,inverno,1.3645901543063435,5,18.81875409258381,2.8228131138875714
2024-12-11 19:06:00,18,quarta,inverno,4.992246505283582,4,100.77766993521671,15.116650490282506
2024-06-04 05:08:00,3,segunda,verão,22.57876328389527,4,16.82520425084649,2.5237806376269734
2024-07-15 17:40:00,7,sábado,verão,29.917896270617277,2,22.36934794103045,3.3554021911545675
2024-02-18 14:53:00,4,terça,inverno,5.2196447903966,3,16.905429499390365,2.535814424908555
2024-07-09 06:50:00,8,domingo,verão,22.147369735285082,3,33.374316630582456,5.006147494587368
2024-07-19 13:30:00,12,segunda,verão,27.83686120164956,4,74.03118233811145,11.104677350716717
2024-11-25 01:52:00,22,terça,outono,14.988106281600613,3,108.8712172014735,16.330682580221023
2024-02-12 02:32:00,21,quinta,inverno,0.08211717208563485,3,75.80693527365578,11.371040291048367
2024-07-31 11:11:00,21,quinta,verão,24.756570468985068,2,61.327358925263276,9.19910383878949
2024-01-02 14:33:00,14,domingo,inverno,8.371149722005942,1,21.48784384432333,3.223176576648499
2024-04-04 08:16:00,5,terça,primavera,18.25335190491636,2,16.08445063497212,2.4126675952458183
2024-02-17 23:46:00,11,terça,inverno,0.37369852800779135,4,53.457709409293706,8.018656411394055
2024-05-23 09:43:00,17,quinta,primavera,14.419191600681687,4,100.68350096154515,15.102525144231771
2024-11-20 15:05:00,22,quarta,outono,6.362291276218337,2,58.664496592298924,8.799674488844838
2024-08-31 16:01:00,17,segunda,verão,21.990915824251797,1,23.56921517366082,3.535382276049123
2024-08-09 23:04:00,7,quinta,verão,22.45157731734218,2,19.581922198474416,2.9372883297711625
2024-10-29 08:30:00,0,segunda,outono,11.776336262769455,4,0.0,0.0
2024-01-09 04:43:00,23,quinta,inverno,4.029781490381017,3,93.9221969134516,14.08832953701774
2024-06-02 19:22:00,18,sexta,verão,29.957953252095816,3,86.33945268301798,12.950917902452696
2024-03-23 08:32:00,20,domingo,primavera,18.24863030720905,5,160.82876769069685,24.124315153604527
2024-01-12 12:50:00,11,sábado,inverno,5.695251083952596,5,78.5295523846957,11.779432857704355
2024-05-28 16:47:00,22,segunda,primavera,18.230685777920918,1,35.36916957047534,5.305375435571301
2024-05-20 02:32:00,5,quarta,primavera,16.33161997092671,2,15.443873323642237,2.3165809985463355
2024-01-14 11:06:00,19,sábado,inverno,4.657285240746196,3,79.01861034890132,11.852791552335198
2024-03-10 09:11:00,18,quarta,primavera,16.006231850310677,5,138.01869555093205,20.702804332639808
2024-01-01 18:35:00,3,terça,inverno,8.503277016566148,2,9.240786483975874,1.386117972596381
2024-04-22 00:51:00,1,quarta,primavera,19.363546476876785,4,6.581806196916904,0.9872709295375356
2024-07-07 18:55:00,18,quarta,verão,22.065474363658367,2,49.98285538911203,7.497428308366804
2024-01-27 12:51:00,23,sexta,inverno,8.231933580776051,5,175.86689447156985,26.380034170735478
2024-03-21 06:55:00,11,terça,primavera,13.866596816702488,5,80.42209416395457,12.063314124593186
2024-10-13 10:12:00,8,domingo,outono,9.496999022754578,5,57.92893190004004,8.689339785006005
2024-06-24 10:12:00,8,quinta,verão,23.633298769876014,3,34.325311212720656,5.148796681908098
2024-10-21 11:16:00,12,sábado,outono,9.701224774147484,1,17.468538900624896,2.6202808350937343
2024-12-06 09:05:00,18,quinta,inverno,5.0986182680165015,4,101.08402061188751,15.162603091783126
2024-04-30 21:42:00,4,terça,primavera,10.27934360034109,1,5.370579146712146,0.8055868720068219
2024-02-21 19:49:00,5,quarta,inverno,8.841348392345893,2,15.536539356938356,2.3304809035407534
2024-08-26 09:01:00,11,domingo,verão,24.80265640807474,2,32.15089175940385,4.822633763910577
2024-07-12 15:43:00,23,sexta,verão,24.9398449797719,3,101.0893147627803,15.163397214417046
2024-01-05 01:27:00,11,sábado,inverno,6.3325278363690725,3,47.95893674400718,7.193840511601077
2024-06-10 06:32:00,23,quinta,verão,22.4853851743413,2,64.38207248052534,9.657310872078801
2024-09-27 20:37:00,18,sexta,outono,11.655254121555796,4,109.9698708809073,16.495480632136093
2024-12-16 02:00:00,16,sexta,inverno,0.24279239468462688,3,58.06616139779448,8.709924209669172
2024-08-24 19:09:00,18,domingo,verão,25.40979924259709,4,106.38681454578641,15.95802218186796
2024-06-17 19:04:00,12,segunda,verão,22.116000863030397,3,50.03136082850918,7.504704124276376
2024-03-13 15:48:00,7,sábado,primavera,16.375133584148063,3,32.462593508903645,4.869389026335546
2024-03-22 19:26:00,12,segunda,primavera,17.845204511656746,1,19.138081804662697,2.8707122706994044
2024-08-04 16:56:00,12,sábado,verão,24.497416141207204,2,34.878346330372615,5.231751949555892
2024-10-23 18:09:00,24,terça,outono,13.892748966393922,3,115.87685727127995,17.381528590691993
2024-06-13 15:44:00,5,terça,verão,25.092282712065177,5,36.72818847471012,5.509228271206518
2024-01-10 23:05:00,10,quarta,inverno,5.312322678852856,1,14.12492907154114,2.118739360731171
2024-03-20 13:39:00,16,quinta,primavera,15.25434225903644,5,120.67824602409718,18.101736903614576
2024-05-07 05:45:00,2,quarta,primavera,17.889710297694894,3,9.57794205953898,1.436691308930847
2024-04-01 22:40:00,6,quinta,primavera,15.210762471362205,3,27.126457482817322,4.068968622422598
2024-11-11 08:56:00,20,quarta,outono,8.889449083310684,5,142.59464663880587,21.38919699582088
2024-08-14 02:43:00,22,segunda,verão,22.643228233768507,2,61.76805446095506,9.265208169143259
2024-11-23 06:15:00,6,quinta,outono,12.1361604164058,3,27.80986587482783,4.171479881224174
2024-08-12 03:50:00,20,quinta,verão,29.82177050269055,4,127.6197770724065,19.142966560860977
2024-01-14 18:05:00,16,sábado,inverno,9.155384550383689,3,75.17833833673667,11.2767507505105
2024-12-25 16:07:00,1,segunda,inverno,5.03110392432112,5,7.006220784864224,1.0509331177296335
2024-07-04 03:46:00,20,sábado,verão,23.429133332736512,1,28.495537777459475,4.274330666618921
2024-09-14 06:47:00,0,domingo,outono,9.595890616315048,4,0.0,0.0
2024-01-20 07:19:00,20,quarta,inverno,9.700958468976417,3,95.2823003255434,14.29234504883151
2024-02-02 12:30:00,13,sábado,inverno,6.431760386945912,1,18.944515401211873,2.841677310181781
2024-04-20 10:49:00,23,sexta,primavera,12.219104427028974,2,64.73596012144444,9.710394018216665
2024-02-02 19:23:00,9,domingo,inverno,4.490584974554733,5,62.08305295419852,9.312457943129777
2024-10-15 00:03:00,14,sábado,outono,12.784738942263957,5,109.81416328514415,16.47212449277162
2024-12-10 18:42:00,15,segunda,inverno,3.6030546612921888,3,60.48549839032594,9.07282475854889
2024-01-09 04:42:00,0,sexta,inverno,7.555198361321905,2,0.0,0.0
2024-01-30 21:22:00,24,quarta,inverno,1.091954455579005,5,149.2413813867792,22.38620720801688
2024-10-24 21:29:00,11,segunda,outono,5.011013724594841,2,28.24221773783984,4.236332660675976
2024-10-29 04:45:00,19,terça,outono,5.632453412201563,1,24.82394254383376,3.723591381575064
2024-01-18 16:10:00,9,quarta,inverno,8.509210293867396,4,55.45326282316904,8.317989423475355
2024-09-05 22:14:00,16,sexta,outono,7.060587107840343,3,65.226633309799,9.783994996469849
2024-03-21 18:52:00,8,quarta,primavera,17.20252807815886,3,37.762022462527085,5.664303369379063
2024-12-09 12:39:00,5,sexta,inverno,0.6867568228966068,3,18.41205409373796,2.761808114060694
2024-02-17 18:25:00,7,quarta,inverno,9.848060262767742,1,11.157456873574969,1.6736185310362452
2024-12-15 09:56:00,18,segunda,inverno,3.6987091823039533,4,97.05228244503537,14.557842366755306
2024-08-21 20:00:00,21,quarta,verão,23.45531861510693,3,89.80493527337966,13.470740291006948
2024-09-28 08:54:00,6,quinta,outono,13.105297844453636,1,9.483165525779802,1.4224748288669702
2024-03-24 04:40:00,16,quarta,primavera,12.017135911513797,1,22.40913915280736,3.361370872921104
2024-11-23 17:56:00,24,quarta,outono,8.90759094981761,3,102.7160401075185,15.407406016127773
2024-04-20 15:41:00,2,sexta,primavera,12.020238216842676,5,14.00674607228089,2.1010119108421335
2024-01-15 20:04:00,11,domingo,inverno,4.614213671192563,5,76.15127007662365,11.422690511493547
2024-04-30 07:46:00,12,quinta,primavera,19.720281844463884,2,39.77622547557111,5.9664338213356665
2024-10-04 00:25:00,10,segunda,outono,12.396234123615884,2,31.090571690651647,4.663585753597747
2024-01-05 13:00:00,21,domingo,inverno,9.06187678766369,5,164.0598825081875,24.608982376228127
2024-08-19 18:28:00,8,quarta,verão,25.46678223386543,1,11.832913543224628,1.774937031483694
2024-11-05 07:16:00,23,quinta,outono,11.602276055808556,3,105.25375842119564,15.788063763179345
2024-07-10 02:13:00,15,terça,verão,24.881913136013345,3,65.85829576321602,9.878744364482403
2024-02-13 15:08:00,24,domingo,inverno,9.350329272036186,2,75.55263220230947,11.33289483034642
2024-11-16 01:52:00,24,quinta,outono,5.6330964681456575,5,156.7856244598409,23.517843668976134
2024-09-25 11:29:00,20,quinta,outono,5.45373478873298,5,129.9970275586876,19.499554133803137
2024-11-24 06:59:00,1,terça,outono,13.304996146281722,4,6.351399434787987,0.9527099152181979
2024-01-05 16:37:00,3,sábado,inverno,6.244392369943423,5,21.746635421966054,3.261995313294908
2024-02-28 06:57:00,21,quarta,inverno,9.08463182243681,2,65.66218146169383,9.849327219254075
2024-11-12 05:54:00,15,quarta,outono,6.989274506299926,1,20.34410097846496,3.0516151467697443
2024-04-01 18:18:00,10,quarta,primavera,12.031905448432623,3,42.031905448432624,6.304785817264894
2024-01-30 17:58:00,10,quarta,inverno,5.633573967756363,2,28.50685917420509,4.276028876130764
2024-01-09 02:10:00,0,quarta,inverno,0.6643357227611881,3,0.0,0.0
2024-05-16 05:59:00,16,terça,primavera,14.22494837563973,3,70.75991740102357,10.613987610153535
2024-08-10 10:55:00,11,sábado,verão,28.164464363534748,2,34.12315242660706,5.118472863991058
2024-03-11 09:19:00,10,segunda,primavera,18.75504629174145,1,16.251682097247148,2.437752314587072
2024-04-28 17:20:00,4,terça,primavera,18.504180480097816,5,32.336120320065206,4.8504180480097805
2024-09-08 00:47:00,3,terça,outono,10.047630882073896,4,17.620957588112514,2.643143638216877
2024-05-17 17:45:00,0,quinta,primavera,11.629459557029618,5,0.0,0.0
2024-12-13 23:49:00,6,quinta,inverno,5.081790411562407,4,33.67851879509991,5.051777819264987
2024-10-19 16:28:00,17,quarta,outono,5.942591366164982,5,112.02107642454754,16.80316146368213
2024-02-10 11:22:00,9,terça,inverno,9.674718763995825,1,14.282898755038497,2.1424348132557745
2024-12-15 20:51:00,13,quarta,inverno,6.572161091124727,4,76.07009506953943,11.410514260430915
2024-04-21 05:12:00,9,domingo,primavera,14.177619892834795,1,13.253285967850438,1.9879928951775656
2024-04-02 13:53:00,22,domingo,primavera,19.380618069243766,2,72.42490650155753,10.863735975233629
2024-04-15 22:43:00,15,domingo,primavera,17.409062961975472,5,118.52265740493867,17.7783986107408
2024-07-15 20:49:00,23,terça,verão,29.58777104210139,2,73.09433247831105,10.964149871746656
2024-01-16 13:08:00,17,quinta,inverno,8.900864787364842,3,79.35776416622427,11.90366462493364
2024-09-14 13:05:00,1,sexta,outono,14.198321849970906,3,4.8618154034968,0.72927231052452
2024-06-09 04:10:00,11,terça,verão,21.33927537632171,3,45.17856233116311,6.7767843496744655
2024-03-17 14:41:00,11,segunda,primavera,10.689816826223185,1,14.9195995029485,2.237939925442275
2024-05-12 01:07:00,12,sábado,primavera,16.540564456228033,4,74.46490312996485,11.169735469494727
2024-12-22 23:08:00,16,terça,inverno,2.303677686124371,1,20.674353719119598,3.1011530578679394
2024-06-02 08:31:00,15,quinta,verão,25.256170533107962,5,110.51234106621591,16.576851159932385
2024-12-19 21:15:00,7,domingo,inverno,8.45600005681917,2,21.535360031818737,3.2303040047728104
2024-07-08 02:40:00,18,segunda,verão,26.126091654479822,1,26.940523994150315,4.041078599122547
2024-09-11 00:48:00,15,quarta,outono,5.989069356877467,4,79.17595258513043,11.876392887769564
2024-06-11 04:02:00,6,sexta,verão,23.36288277391452,3,25.61418373147897,3.8421275597218454
2024-03-02 20:01:00,2,domingo,primavera,16.049750217451546,4,12.279933391320412,1.8419900086980618
2024-01-03 02:05:00,22,terça,inverno,8.859818519848256,1,34.196640297466466,5.1294960446199696
2024-08-20 10:17:00,10,sábado,verão,23.041342494747838,1,14.144357998599423,2.1216536997899134
2024-12-18 05:17:00,15,quarta,inverno,4.049274341049292,4,81.7182584185183,12.257738762777745
2024-02-15 21:56:00,20,sábado,inverno,5.937659705578176,2,57.50025552892508,8.625038329338762
2024-08-30 12:11:00,13,terça,verão,29.499290645405544,5,103.13210378536961,15.46981556780544
2024-02-16 09:02:00,24,sábado,inverno,1.3741773123320788,2,60.23842043967758,9.035763065951636
2024-07-08 17:14:00,0,quarta,verão,22.361051706545712,1,0.0,0.0
2024-02-21 20:45:00,3,domingo,inverno,4.6429343413311885,2,8.314304241919483,1.2471456362879225
2024-03-03 12:23:00,1,segunda,primavera,15.77153010945096,2,3.0514353406300643,0.45771530109450964
2024-10-06 17:34:00,24,segunda,outono,10.003440934306063,2,70.40605604437869,10.560908406656802
2024-08-08 07:12:00,14,domingo,verão,25.321844718105982,3,61.96046608427871,9.294069912641806
2024-05-29 13:34:00,0,quinta,primavera,16.19064322041177,5,0.0,0.0
2024-07-16 14:00:00,21,domingo,verão,25.716280485233856,1,31.201117071730962,4.680167560759644
2024-12-14 14:58:00,21,quarta,inverno,6.175225584770074,3,91.16156847362059,13.674235271043088
2024-05-06 12:18:00,14,quarta,primavera,15.34371996649787,5,105.8020132551617,15.870301988274253
2024-06-30 21:08:00,24,sábado,verão,25.935038401402917,3,107.39527373069359,16.109291059604036
2024-07-04 17:45:00,3,segunda,verão,28.366401546598812,3,14.007936371183716,2.1011904556775574
2024-05-19 21:08:00,13,terça,primavera,13.650883617587661,1,18.915382900954654,2.837307435143198
2024-09-21 22:32:00,14,terça,outono,11.529999111325447,4,85.27493150858827,12.79123972628824
2024-11-12 16:31:00,8,quarta,outono,12.56478187717769,1,12.48566935063879,1.8728504025958186
2024-01-31 02:43:00,14,sábado,inverno,3.743576652332372,1,18.89640292530613,2.8344604387959196
2024-01-06 16:06:00,6,segunda,inverno,8.813504868058455,4,37.26096467333611,5.589144701000417
2024-11-13 22:04:00,23,quarta,outono,7.271165982141131,1,31.432016644939022,4.7148024967408535
2024-04-29 02:12:00,22,terça,primavera,17.312949889711994,4,138.78465300982185,20.817697951473278
2024-05-07 01:08:00,19,sábado,primavera,13.58525400186194,4,110.41597680471692,16.562396520707537
2024-03-16 09:05:00,10,quinta,primavera,11.372363611800818,2,27.581575741200545,4.137236361180082
2024-04-12 08:16:00,15,quinta,primavera,18.3971599348523,3,72.59573990227845,10.889360985341767
2024-06-19 06:41:00,14,quinta,verão,20.522721658173996,1,18.861816085718296,2.8292724128577444
2024-07-23 16:31:00,10,quinta,verão,25.839938148262263,1,14.890650172869936,2.2335975259304903
2024-10-25 02:37:00,2,domingo,outono,10.970837248399562,5,15.022640324413173,2.2533960486619757
2024-07-18 22:28:00,13,terça,verão,29.169100355063886,5,102.5597739487774,15.38396609231661
2024-08-24 04:38:00,17,sábado,verão,24.380290038881935,2,49.30479630191962,7.395719445287943
2024-11-13 16:46:00,8,sábado,outono,8.157487786041607,4,44.77145233562216,6.7157178503433235
2024-06-07 00:40:00,13,sexta,verão,28.471660369193575,2,40.54035118930755,6.081052678396133
2024-02-25 08:35:00,22,quarta,inverno,7.2291371169921295,5,163.80820331476536,24.571230497214803
2024-09-13 13:17:00,4,quinta,outono,10.616890561114506,5,29.785719744817307,4.467857961722596
2024-02-15 03:31:00,6,sábado,inverno,8.867488930808035,4,37.31278937357571,5.596918406036356
2024-02-23 09:26:00,5,quinta,inverno,8.21094348263536,4,30.568754786108286,4.585313217916243
2024-08-12 13:39:00,9,quarta,verão,24.783562875230192,2,26.296110180110492,3.944416527016574
2024-04-22 05:55:00,3,quarta,primavera,19.491736942768256,3,14.847521082830475,2.227128162424571
2024-11-01 05:27:00,23,quarta,outono,7.86299380086584,4,127.7244990882541,19.158674863238115
2024-01-10 20:36:00,17,domingo,inverno,7.568057014379166,5,127.73139384888916,19.15970907733337
2024-01-10 23:28:00,23,quinta,inverno,6.047202752344437,5,165.81713266078444,24.872569899117664
2024-07-14 14:15:00,3,quarta,verão,27.638970038556593,4,18.444470412338113,2.766670561850717
2024-06-20 12:21:00,8,quarta,verão,26.23340391744828,1,11.996459502388966,1.799468925358345
2024-12-28 09:27:00,3,segunda,inverno,9.84260826004012,4,19.124451964819254,2.8686677947228882
2024-12-25 04:09:00,0,segunda,inverno,8.713478573671493,4,0.0,0.0
2024-02-12 19:33:00,20,quinta,inverno,0.015119133491539927,3,72.03628592037968,10.805442888056952
2024-11-04 09:15:00,23,segunda,outono,5.8613544618643365,4,120.97230238468903,18.145845357703354
2024-11-10 03:02:00,13,terça,outono,7.603508533314321,5,89.62169533773246,13.443254300659868
2024-02-20 22:17:00,3,segunda,inverno,9.532565601114756,2,9.487815744267541,1.423172361640131
2024-01-26 22:40:00,7,quinta,inverno,8.227431514336521,1,10.703680824014226,1.605552123602134
2024-05-15 19:35:00,0,sábado,primavera,10.369232344393202,1,0.0,0.0
2024-07-25 13:52:00,19,terça,verão,20.840082768548438,2,51.51795053879575,7.727692580819363
2024-07-19 23:28:00,21,quarta,verão,23.439403671057892,4,119.70426422316969,17.955639633475453
2024-03-20 07:06:00,11,segunda,primavera,11.71990255521511,5,76.48648801789436,11.472973202684154
2024-09-19 16:36:00,3,segunda,outono,8.018868358551028,4,16.728302077762454,2.509245311664368
2024-06-13 10:24:00,16,sexta,verão,29.44050654925039,3,76.08384838304052,11.412577257456077
2024-07-25 00:53:00,8,quinta,verão,29.93155573824775,5,63.926992787464265,9.589048918119639
2024-06-03 05:52:00,22,sexta,verão,21.355999309591674,4,120.51541171317514,18.077311756976272
2024-05-06 22:17:00,8,sexta,primavera,13.150630118769453,5,57.534173491692606,8.63012602375389
2024-08-26 02:22:00,4,sábado,verão,24.298553250058838,2,11.583691360012551,1.7375537040018827
2024-12-25 08:00:00,19,quinta,inverno,0.6130829403941371,1,23.265943034699546,3.489891455204932
2024-09-12 03:29:00,4,sábado,outono,7.131887856852855,3,16.33803065701526,2.450704598552289
2024-12-15 08:43:00,15,quinta,inverno,0.23692948308385198,2,36.28431537970062,5.442647306955093
2024-07-30 23:15:00,6,segunda,verão,26.59254434563242,1,9.054807095301188,1.3582210642951782
2024-07-06 05:12:00,3,quarta,verão,23.015268348159623,5,21.20610733926385,3.180916100889577
2024-04-10 15:29:00,18,terça,primavera,15.047772432194433,3,81.08599037794998,12.162898556692497
2024-04-11 08:18:00,18,quinta,primavera,19.42305552294228,3,88.96149994129611,13.344224991194416
2024-05-11 13:19:00,8,sexta,primavera,19.19087454916344,4,52.470266185774335,7.87053992786615
2024-12-11 16:08:00,20,quinta,inverno,5.579095556865257,3,85.38982933647662,12.808474400471493
2024-02-14 03:10:00,20,sábado,inverno,1.5726107373776466,5,126.29044294951058,18.943566442426587
2024-07-04 14:41:00,8,terça,verão,25.544488512511407,1,11.849490882669102,1.7774236324003652
2024-02-13 08:38:00,23,domingo,inverno,2.109667060614747,3,88.6226810872967,13.293402163094504
2024-06-19 14:14:00,5,terça,verão,25.60836027619679,2,14.828896073652476,2.2243344110478716
2024-02-10 00:00:00,5,quinta,inverno,9.649778506714524,4,31.71982280537162,4.757973420805743
2024-02-06 02:07:00,6,quarta,inverno,0.7909559457049111,2,14.779658853938358,2.2169488280907537
2024-01-09 04:17:00,14,segunda,inverno,3.901351496630859,2,37.96951367622656,5.695427051433984
2024-04-13 22:02:00,23,segunda,primavera,14.69027388391997,4,137.05017324402124,20.557525986603185
2024-02-17 14:19:00,20,sábado,inverno,9.083463832442797,5,156.3338553297712,23.45007829946568
2024-03-31 10:09:00,7,sexta,primavera,11.966453597708231,2,19.58434501226384,2.9376517518395757
2024-11-03 23:44:00,2,quinta,outono,6.307665425169709,1,2.6625621311791123,0.39938431967686683
2024-04-21 02:46:00,20,quarta,primavera,14.068445223342225,4,117.51585392891259,17.627378089336887
2024-05-21 05:00:00,15,sábado,primavera,15.488287903100186,2,45.488287903100186,6.823243185465028
2024-05-26 05:22:00,0,terça,primavera,10.889139533261197,3,0.0,0.0
2024-10-11 11:17:00,5,quinta,outono,8.651260199223945,3,21.25819310957317,3.1887289664359755
2024-09-07 10:43:00,11,sexta,outono,14.340129518785323,4,71.53540895697367,10.73031134354605
2024-08-06 03:06:00,11,sábado,verão,20.638559751736093,2,29.707955054351846,4.456193258152776
2024-04-06 19:40:00,16,segunda,primavera,10.15166464253782,4,85.65688457074735,12.848532685612103
2024-04-05 20:47:00,13,terça,primavera,13.72539062462597,5,94.73834635335626,14.21075195300344
2024-03-11 13:58:00,12,quarta,primavera,18.068816048707674,2,38.45505283896614,5.768257925844921
2024-03-27 06:36:00,23,sexta,primavera,16.66529651207108,5,178.8836366296058,26.83254549444087
2024-01-19 07:12:00,21,sexta,inverno,4.467286316540672,4,115.81008202357665,17.371512303536498
2024-11-18 04:23:00,10,quarta,outono,9.029548112634306,1,14.310834307965912,2.1466251461948866
2024-09-03 04:44:00,2,terça,outono,5.677055063980613,5,13.08158685679289,1.9622380285189336
2024-10-10 22:50:00,14,domingo,outono,11.894133850261309,1,21.505655376467477,3.2258483064701213
2024-07-05 05:40:00,8,sábado,verão,28.192171776500494,5,62.071649894933856,9.310747484240078
2024-06-20 01:05:00,10,quinta,verão,28.093983344669724,5,77.45864445955962,11.618796668933943
2024-06-01 23:08:00,7,sábado,verão,28.873364645858807,5,54.94847366946822,8.242271050420232
2024-12-23 07:43:00,22,terça,inverno,0.27667298669248996,1,26.64347222828939,3.9965208342434084
2024-03-23 17:54:00,12,segunda,primavera,14.915171807095419,4,71.86427489135266,10.779641233702899
2024-05-21 11:41:00,8,quarta,primavera,11.075232580690386,4,43.81358141940308,6.572037212910462
2024-05-15 08:54:00,18,sábado,primavera,11.319100182056713,1,24.79146010923403,3.7187190163851045
2024-09-30 01:21:00,2,segunda,outono,12.951549530540738,1,3.149780298906321,0.4724670448359481
2024-08-28 22:05:00,5,domingo,verão,29.83607710925888,2,15.9562872291357,2.393443084370355
2024-10-13 03:01:00,3,quinta,outono,13.868871552768706,2,9.651151741609116,1.4476727612413673
2024-07-11 06:37:00,9,sábado,verão,21.23053233509891,3,36.88598328127122,5.532897492190683
2024-03-07 03:33:00,24,sexta,primavera,19.387169594811944,5,197.54867837924778,29.632301756887166
2024-05-15 00:45:00,7,terça,primavera,12.813428321742768,2,19.97959988347996,2.996939982521994
2024-05-26 06:07:00,21,segunda,primavera,17.592463956708322,5,166.57362384847914,24.98604357727187
2024-02-19 04:29:00,2,segunda,inverno,0.14421359730456018,3,7.234611263353094,1.085191689502964
2024-12-14 15:54:00,17,quinta,inverno,5.6035784843712495,3,72.63130010811734,10.894695016217602
2024-02-20 11:04:00,5,quarta,inverno,8.98276699198823,4,31.186213593590587,4.677932039038588
2024-02-11 19:48:00,6,quarta,inverno,8.244667079128114,1,9.178720098990746,1.376808014848612
2024-08-31 10:52:00,12,segunda,verão,28.258626263395374,2,37.28552080857305,5.592828121285957
2024-03-21 16:51:00,6,quinta,primavera,13.748328021799866,1,8.749665604359974,1.312449840653996
2024-12-13 13:26:00,21,sábado,inverno,5.47683838979292,3,89.40163274227815,13.410244911341723
2024-12-15 01:28:00,24,segunda,inverno,3.722203147139347,1,32.37331502125377,4.855997253188065
2024-04-23 12:24:00,3,quinta,primavera,14.023035816073534,1,4.402303581607353,0.660345537241103
2024-12-19 01:01:00,6,quarta,inverno,4.405108199280243,1,8.257225967827258,1.2385838951740886
2024-07-05 06:36:00,15,segunda,verão,29.1542456385717,4,94.64679302171473,14.197018953257208
2024-02-20 02:33:00,22,segunda,inverno,2.294202967158203,4,113.67559444439686,17.051339166659528
2024-04-15 16:52:00,18,sexta,primavera,19.510722570637363,3,89.11930062714725,13.367895094072088
2024-05-14 05:52:00,21,segunda,primavera,12.866674821204215,3,90.02001712452886,13.50300256867933
2024-08-09 04:43:00,21,sábado,verão,29.364087936101182,4,132.97555697686664,19.946333546529996
2024-07-28 04:32:00,1,segunda,verão,28.19117949418692,4,6.207059146046605,0.9310588719069908
2024-06-10 01:49:00,24,quinta,verão,22.091543021163147,4,133.35435013417768,20.00315252012665
2024-08-05 22:16:00,22,quarta,verão,20.213934933320875,3,88.37652548264475,13.256478822396712
2024-10-21 07:29:00,22,sábado,outono,9.155539389150047,5,157.9273422029052,23.68910133043578
2024-08-13 15:00:00,12,quinta,verão,25.739792732322023,4,71.3469346973722,10.702040204605831
2024-02-26 09:58:00,21,domingo,inverno,2.374231140897849,1,27.19435415835419,4.079153123753128
2024-08-12 21:34:00,2,domingo,verão,28.11798401006414,4,12.39850325548035,1.8597754883220523
2024-06-03 07:49:00,16,quinta,verão,29.062437143045088,1,25.199973181032576,3.7799959771548863
2024-08-04 18:48:00,7,sábado,verão,21.140609532372842,5,47.73123556354799,7.159685334532198
2024-04-03 12:07:00,21,sábado,primavera,17.788855454361194,4,133.80879527221134,20.0713192908317
2024-03-30 10:24:00,16,sábado,primavera,11.162179609781397,1,21.95316245855008,3.2929743687825117
2024-01-17 03:26:00,13,domingo,inverno,1.6293834724283904,5,82.23639702831382,12.335459554247072
2024-04-07 12:46:00,1,sábado,primavera,18.47483853826118,4,6.46331180510149,0.9694967707652236
2024-03-08 03:31:00,20,terça,primavera,15.712048408174653,1,30.474698938783106,4.571204840817466
2024-12-17 04:00:00,22,sexta,inverno,8.376501165132451,1,33.77132102531655,5.065698153797483
2024-10-11 22:09:00,14,quarta,outono,10.437907614018194,1,20.75812590852934,3.113718886279401
2024-02-18 14:19:00,6,quinta,inverno,7.01974352095284,4,35.538953780114724,5.3308430670172084
2024-03-05 17:33:00,15,quarta,primavera,17.447267616916108,2,47.44726761691611,7.117090142537416
2024-10-28 17:05:00,9,quinta,outono,13.385923933753588,5,71.58677449069343,10.738016173604015
2024-08-09 13:32:00,15,segunda,verão,25.20336166009234,2,44.162689328073874,6.624403399211081
2024-11-02 21:35:00,17,quinta,outono,7.550473121265383,2,46.81292315784419,7.021938473676628
2024-11-29 13:22:00,22,quarta,outono,12.659835935320602,5,172.06133827245978,25.809200740868967
2024-03-30 01:49:00,21,terça,primavera,13.757099493812166,4,122.51987858267407,18.377981787401108
2024-07-08 06:16:00,9,domingo,verão,25.897723844693672,1,13.41545372272648,2.012318058408972
2024-06-13 23:07:00,17,sexta,verão,26.87914387271134,4,103.1408475558499,15.471127133377484
2024-02-06 03:57:00,6,terça,inverno,0.18803929371797778,2,14.490258860984628,2.1735388291476943
2024-08-06 05:33:00,21,quarta,verão,22.766180735588694,1,29.54906121192967,4.43235918178945
2024-04-06 19:27:00,24,quinta,primavera,16.266846090761028,1,37.01347687260882,5.552021530891323
2024-10-04 02:42:00,6,terça,outono,5.8491926990540986,5,39.43411196895951,5.915116795343927
2024-03-16 04:50:00,10,quinta,primavera,11.429809431658732,1,13.809936477219578,2.0714904715829365
2024-06-01 20:59:00,20,quinta,verão,20.6832488248404,4,108.12426415965953,16.218639623948928
2024-07-18 16:08:00,22,sábado,verão,25.091264723718403,3,96.9606259137444,14.544093887061658
2024-02-25 16:57:00,12,segunda,inverno,6.652049195963582,5,87.96491807031259,13.194737710546889
2024-10-11 18:10:00,3,domingo,outono,6.648215774902489,2,8.062607470478548,1.2093911205717822
2024-01-14 07:30:00,19,segunda,inverno,9.813757216219086,4,121.03382193730603,18.155073290595904
2024-03-08 08:20:00,2,domingo,primavera,18.113391540433927,4,12.830237744115713,1.924535661617357
2024-06-08 23:25:00,12,terça,verão,26.915641299390483,4,72.85202086321983,10.927803129482974
2024-10-24 23:34:00,2,segunda,outono,5.822188562121329,2,5.253920989111129,0.7880881483666693
2024-01-28 15:35:00,2,terça,inverno,2.105371747914768,5,12.842148699165907,1.926322304874886
2024-03-07 11:51:00,22,sábado,primavera,18.611145450010568,1,35.64817333000775,5.347225999501163
2024-06-25 09:52:00,16,terça,verão,24.34357731166743,3,69.55977895893433,10.43396684384015
2024-07-20 15:50:00,23,sexta,verão,27.044649340616637,1,34.98738492891154,5.248107739336731
2024-12-19 07:45:00,9,sábado,inverno,4.754369378743332,3,37.5347189290428,5.63020783935642
2024-02-15 03:37:00,21,segunda,inverno,9.553328820516693,5,166.12398104617012,24.918597156925518
2024-11-21 13:32:00,21,quinta,outono,11.022285350694684,5,157.93579860017456,23.690369790026185
2024-11-28 22:02:00,11,terça,outono,14.882194461122197,3,54.307455297957866,8.146118294693679
2024-05-27 12:00:00,7,sábado,primavera,11.517445654952915,2,19.374807972311363,2.906221195846704
2024-11-30 07:31:00,13,domingo,outono,9.765795102494627,5,94.77514499427886,14.216271749141828
2024-04-02 19:00:00,2,sexta,primavera,19.81729632511123,2,6.6423061766814975,0.9963459265022245
2024-11-25 08:52:00,8,quarta,outono,13.367120117780921,4,50.884087604862955,7.632613140729443
2024-12-18 05:47:00,12,domingo,inverno,8.62132368338263,4,74.15294147209465,11.122941220814198
2024-07-01 04:31:00,19,terça,verão,27.73400350932114,5,146.25947555694688,21.93892133354203
2024-12-20 05:05:00,13,quinta,inverno,2.617831353262483,3,50.88381691108947,7.63257253666342
2024-11-27 20:08:00,10,quarta,outono,14.343132678335255,5,81.29574324361465,12.194361486542197
2024-07-06 01:48:00,6,sábado,verão,25.675884021944576,3,26.7244243305334,4.00866364958001
2024-11-30 04:31:00,16,segunda,outono,8.409368330412208,2,45.06699217435033,6.760048826152549
2024-12-09 00:59:00,13,terça,inverno,8.420892382235923,2,39.95772807752536,5.993659211628803
2024-06-05 21:48:00,0,sábado,verão,28.314767672180473,5,0.0,0.0
2024-02-09 14:29:00,16,quarta,inverno,0.12894695757773889,4,77.130104211399,11.56951563170985
2024-12-11 06:00:00,4,quinta,inverno,1.2285771312354399,4,19.986289363990682,2.9979434045986024
2024-03-16 23:09:00,16,terça,primavera,10.804076010431194,5,108.81086936114984,16.321630404172474
2024-03-21 14:54:00,14,sábado,primavera,15.586078883407952,3,63.82051043677114,9.57307656551567
2024-11-20 16:48:00,7,domingo,outono,8.409512609022073,5,49.29220784824499,7.393831177236748
2024-11-19 04:40:00,11,quarta,outono,9.65294213026438,5,79.9667666293665,11.995014994404976
2024-07-04 12:21:00,19,segunda,verão,20.42364496282202,3,76.64394034348948,11.49659105152342
2024-09-13 12:54:00,11,segunda,outono,10.557080842413667,4,65.43209042576072,9.814813563864108
2024-03-07 11:28:00,7,domingo,primavera,13.066664207552332,1,10.048888315095544,1.5073332472643315
2024-05-22 09:44:00,21,sábado,primavera,12.45125608379595,1,29.715879258657164,4.457381888798574
2024-04-07 19:29:00,22,sábado,primavera,10.445177152484655,2,59.3195931569775,8.897938973546625
2024-09-06 06:49:00,20,sábado,outono,5.171303774525727,2,51.58457886930441,7.737686830395661
2024-08-22 15:19:00,10,terça,verão,20.459543026255858,5,67.27939070167449,10.091908605251172
2024-02-08 22:13:00,9,terça,inverno,5.525623613335741,3,38.367673502402596,5.755151025360389
2024-07-23 00:22:00,24,sábado,verão,26.021841390793472,1,35.85397849010783,5.378096773516174
2024-02-26 23:05:00,22,terça,inverno,6.615121535448138,2,64.44261390238871,9.666392085358307
2024-05-07 19:09:00,11,quinta,primavera,18.590638340038353,2,35.63313478269479,5.344970217404218
2024-05-28 03:52:00,20,quinta,primavera,15.204966264906737,3,90.40993252981347,13.56148987947202
2024-07-08 06:03:00,23,domingo,verão,24.29741986509291,2,66.60483503451398,9.990725255177097
2024-09-28 09:09:00,10,sexta,outono,13.667953581897285,1,16.011582980029004,2.4017374470043507
2024-09-08 08:37:00,9,segunda,outono,12.209286156253665,4,55.716257726254845,8.357438658938227
2024-10-15 08:03:00,6,domingo,outono,7.435677664949836,1,8.235849086288965,1.2353773629433447
2024-08-08 18:18:00,9,terça,verão,22.555756140645997,2,25.22676294751008,3.7840144421265114
2024-03-05 09:06:00,15,domingo,primavera,11.696087961582913,2,41.69608796158292,6.254413194237437
2024-09-25 14:21:00,17,sexta,outono,13.483827972098533,5,135.52459717970711,20.328689576956066
2024-10-21 16:09:00,2,segunda,outono,12.618523085049166,4,12.50143343828109,1.8752150157421634
2024-11-25 09:54:00,5,terça,outono,5.96486144396285,3,19.78067379417957,2.9671010691269353
2024-07-17 05:55:00,22,quinta,verão,26.627486438619634,4,132.88583484262742,19.932875226394113
2024-01-09 16:14:00,10,segunda,inverno,1.498440366321411,1,12.599376146528563,1.8899064219792843
2024-06-13 17:43:00,8,terça,verão,23.15499106714868,3,34.01919428297516,5.102879142446273
2024-10-23 22:30:00,0,terça,outono,5.880590200393865,2,0.0,0.0
2024-01-21 22:42:00,8,quinta,inverno,4.260699063580109,5,54.817118501728174,8.222567775259225
2024-09-06 14:51:00,14,sábado,outono,9.56853599690481,1,20.31184847841114,3.046777271761671
2024-02-17 22:50:00,0,domingo,inverno,5.866138061386341,1,0.0,0.0
2024-01-28 22:17:00,0,sábado,inverno,8.34570478420818,3,0.0,0.0
2024-07-09 05:03:00,22,sábado,verão,22.387711369083718,3,92.20237200958735,13.830355801438103
2024-01-15 23:38:00,17,domingo,inverno,0.3671482442517835,4,82.59864322436484,12.389796483654726
2024-08-17 06:01:00,5,segunda,verão,21.573597488718068,4,27.505918660649634,4.125887799097445
2024-08-29 02:18:00,17,quarta,verão,29.697066597141742,3,81.18801057211277,12.178201585816916
2024-12-16 07:57:00,11,segunda,inverno,8.075259440361545,4,67.01245661503631,10.051868492255446
2024-11-17 09:01:00,24,terça,outono,13.3516937404098,3,114.44847147468188,17.167270721202282
2024-05-08 11:22:00,7,sexta,primavera,12.42513271900535,1,9.899197634434582,1.4848796451651873
2024-03-12 04:31:00,18,sexta,primavera,12.043099363035264,3,75.67757885346347,11.35163682801952
2024-02-09 15:01:00,8,sábado,inverno,7.021893898560671,5,59.235030237697075,8.88525453565456
2024-04-14 07:57:00,24,sábado,primavera,15.07938205236849,1,36.06350564189479,5.409525846284219
2024-07-11 01:10:00,20,quinta,verão,24.242704425883158,5,144.6472118023551,21.69708177035326
2024-10-03 21:31:00,16,sábado,outono,10.900395413385814,2,47.98979728503936,7.198469592755903
2024-03-04 05:50:00,8,segunda,primavera,10.46583989889551,1,10.79089063970547,1.6186335959558205
2024-12-09 23:05:00,11,sábado,inverno,7.700322351014606,3,49.76442550333928,7.464663825500892
2024-06-21 17:30:00,10,segunda,verão,29.211441091670107,5,78.94858812222681,11.842288218334021
2024-09-03 11:48:00,8,segunda,outono,11.34203952028674,4,48.507993037136444,7.276198955570466
2024-06-29 02:51:00,16,terça,verão,21.632031133892156,1,22.029666617127322,3.3044499925690984
2024-06-02 10:14:00,10,quarta,verão,29.15817183696148,1,15.775512489856395,2.3663268734784593
2024-08-04 05:04:00,13,quinta,verão,20.190826333866397,1,17.39948646240702,2.609922969361053
2024-09-10 06:28:00,18,terça,outono,5.6342486438680375,3,70.55581231485871,10.583371847228806
2024-10-17 09:40:00,6,quinta,outono,6.849812247718052,1,8.10695869449797,1.2160438041746955
2024-03-11 17:36:00,9,quarta,primavera,17.94524139575573,5,71.9178620936336,10.78767931404504
2024-11-13 14:54:00,18,quinta,outono,9.289663859374166,1,25.931178147186948,3.889676722078042
2024-12-12 18:57:00,17,domingo,inverno,4.56713249358517,5,117.52825047818956,17.629237571728435
2024-10-29 14:02:00,13,quarta,outono,8.360365029228559,3,54.85532199179685,8.228298298769527
2024-04-13 04:04:00,21,terça,primavera,19.993617684723358,4,139.98212951722542,20.99731942758381
2024-04-12 22:17:00,10,domingo,primavera,13.405400925766118,3,43.405400925766116,6.510810138864917
2024-12-01 17:29:00,10,quarta,inverno,6.432337678071426,2,29.145870142457138,4.3718805213685705
2024-04-13 08:52:00,11,sexta,primavera,11.828299612614217,1,15.33704319129188,2.3005564786937818
2024-08-18 11:45:00,23,quinta,verão,21.883596532152094,5,159.10969603193308,23.866454404789962
2024-07-24 23:25:00,19,sexta,verão,23.329988670798272,1,27.02052759320446,4.053079138980669
2024-07-18 08:11:00,5,terça,verão,26.24480446551003,2,14.998614524136007,2.249792178620401
2024-05-25 22:07:00,6,domingo,primavera,10.937923307725217,1,8.187584661545044,1.2281376992317565
2024-07-21 22:11:00,13,domingo,verão,27.76429335354182,4,80.09982011691133,12.014973017536699
2024-06-05 21:05:00,4,sexta,verão,20.381939678971303,1,5.374073565756939,0.8061110348635409
2024-02-16 15:24:00,3,segunda,inverno,9.638297874256669,1,4.7565957449108,0.7134893617366199
2024-09-12 19:08:00,2,sábado,outono,11.008476561221846,3,9.021864843468807,1.353279726520321
2024-05-15 14:07:00,14,quarta,primavera,17.425264498504067,1,22.131790099301895,3.319768514895284
2024-06-10 23:03:00,24,sexta,verão,28.02584618301281,4,148.54616622851282,22.281924934276923
2024-07-19 01:22:00,21,domingo,verão,27.37482479561943,3,96.38970565664064,14.458455848496095
2024-03-09 00:02:00,18,sábado,primavera,10.195125049306714,1,24.11707502958403,3.617561254437604
2024-09-19 20:10:00,14,segunda,outono,13.038865610815941,4,88.37313738754207,13.25597060813131
2024-07-10 08:11:00,12,terça,verão,26.598026494967584,2,36.22273695677926,5.433410543516889
2024-11-23 07:54:00,9,quarta,outono,13.083581299855926,3,42.65274548685737,6.397911823028605
2024-07-30 15:35:00,12,terça,verão,20.98301109797921,4,65.25825420541341,9.78873813081201
2024-01-05 23:52:00,22,sábado,inverno,6.064833134682903,3,95.21115947556287,14.281673921334429
2024-07-03 04:57:00,1,terça,verão,26.8775229486785,3,4.55020183589428,0.682530275384142
2024-02-22 08:15:00,3,terça,inverno,3.5239777713244393,3,12.068631997676796,1.8102947996515193
2024-10-25 19:15:00,5,segunda,outono,6.089527096438378,5,33.08206650506852,4.962309975760277
2024-12-11 09:59:00,20,terça,inverno,1.2579726355370813,1,25.006378108429665,3.7509567162644495
2024-09-20 04:12:00,5,segunda,outono,11.638781216867944,3,22.90132966927737,3.4351994503916052
2024-10-23 13:56:00,18,sexta,outono,10.002889745423381,2,52.803814463958865,7.92057216959383
2024-12-14 02:46:00,1,terça,inverno,3.222253577241563,4,5.31556057235865,0.7973340858537975
2024-10-07 11:19:00,14,terça,outono,14.219364438960284,5,113.49636872666473,17.02445530899971
2024-10-26 22:22:00,23,quinta,outono,8.3993817384095,2,64.76695719878403,9.715043579817603
2024-10-25 10:15:00,19,sábado,outono,8.282048118583031,2,53.33965371189236,8.000948056783853
2024-09-24 00:21:00,9,terça,outono,10.611840359328623,1,13.401907318578445,2.0102860977867665
2024-10-05 06:40:00,12,quinta,outono,10.084085284702411,4,70.54799010107625,10.582198515161437
2024-08-13 03:55:00,11,sábado,verão,22.782124155935563,4,61.93102567629773,9.289653851444658
2024-11-09 01:26:00,0,domingo,outono,7.785356425824302,3,0.0,0.0
2024-09-30 03:04:00,1,sábado,outono,11.927421736229338,1,1.5373387969950758,0.23060081954926137
2024-12-04 13:13:00,18,terça,inverno,3.9859481022263967,2,48.939765267206006,7.340964790080901
2024-11-20 07:39:00,21,quinta,outono,11.961604398948628,5,161.55217693595225,24.232826540392836
2024-10-21 20:16:00,6,sábado,outono,14.354938130248899,5,48.790431943273795,7.3185647914910685
2024-04-20 03:43:00,6,quarta,primavera,18.50731135990169,1,9.701462271980338,1.4552193407970506
2024-04-05 10:50:00,4,segunda,primavera,11.165414435468785,2,10.977443849458343,1.6466165774187513
2024-06-18 11:08:00,17,sexta,verão,23.28803436494142,5,120.78621122720055,18.117931684080084
2024-06-06 18:03:00,7,quarta,verão,20.37518636902805,1,9.40336812221857,1.4105052183327855
2024-01-31 00:53:00,9,sexta,inverno,2.1169061393303643,3,34.68625863047679,5.202938794571518
2024-08-28 23:57:00,0,terça,verão,23.74420477806023,4,0.0,0.0
2024-04-30 11:29:00,23,domingo,primavera,13.708561169559719,5,167.54948448331226,25.132422672496837
2024-03-21 16:14:00,4,quinta,primavera,14.820490065498202,2,11.952130684132854,1.7928196026199281
2024-08-29 04:51:00,13,terça,verão,21.96705488216027,1,18.015245692482228,2.702286853872334
2024-02-24 00:59:00,24,quinta,inverno,7.863022631450621,3,109.04550517857777,16.356825776786664
2024-05-10 13:49:00,7,quinta,primavera,10.234320839636212,4,37.552032783660465,5.63280491754907
2024-09-26 12:34:00,11,terça,outono,12.80560248184252,2,34.5298526686863,5.179477900302945
2024-12-22 04:49:00,8,terça,inverno,2.7525940845098438,3,31.442490321129448,4.716373548169417
2024-01-10 18:48:00,11,terça,inverno,5.815313661512863,4,63.03495204426263,9.455242806639394
2024-07-25 02:31:00,0,sexta,verão,28.318705864203046,2,0.0,0.0
2024-03-19 18:19:00,7,segunda,primavera,10.773383021754801,5,47.56894685871393,7.135342028807089
2024-11-27 08:21:00,15,quinta,outono,7.378555238494215,2,41.116410762343634,6.167461614351545
2024-01-23 19:32:00,21,sexta,inverno,3.490500431113941,4,112.52808144854285,16.879212217281427
2024-05-06 07:27:00,23,sexta,primavera,16.490469792418168,4,142.57077403008236,21.385616104512355
2024-01-10 13:29:00,3,quinta,inverno,3.69531806261175,3,12.130314502540228,1.8195471753810342
2024-07-29 06:11:00,14,sábado,verão,26.708825898123834,3,63.51388500589869,9.527082750884803
2024-03-07 08:02:00,17,domingo,primavera,13.290171087285309,3,73.59329084838502,11.038993627257753
2024-01-28 18:48:00,11,segunda,inverno,7.690487760608132,1,16.583814614667578,2.4875721922001364
2024-10-09 11:54:00,6,sábado,outono,14.48858013008554,2,19.57497525723764,2.9362462885856457
2024-07-21 09:28:00,1,sexta,verão,22.32368043042018,2,2.79059628962241,0.41858944344336146
2024-10-28 15:51:00,13,quarta,outono,5.514636668036066,4,67.71457391372209,10.157186087058314
2024-12-21 15:25:00,4,quinta,inverno,6.442183274740368,2,11.661498647916916,1.7492247971875374
2024-07-30 06:47:00,9,quarta,verão,23.945362774194326,4,51.787548263226554,7.7681322394839825
2024-05-27 20:42:00,20,sexta,primavera,17.22832124601805,5,157.4277374867268,23.61416062300902
2024-10-20 13:22:00,6,segunda,outono,5.341956917174744,2,15.550461043556888,2.332569156533533
2024-09-19 19:53:00,1,quarta,outono,13.088348954821692,2,3.1598122566869242,0.4739718385030386
2024-02-07 12:04:00,9,sexta,inverno,7.648566682535867,3,40.66045201713873,6.09906780257081
2024-06-13 22:28:00,2,domingo,verão,29.072627728617363,4,12.602160582105038,1.8903240873157556
2024-07-15 13:30:00,18,quarta,verão,29.522776215391314,2,57.141865166775666,8.57127977501635
2024-05-03 08:57:00,24,quinta,primavera,14.31659355164783,5,177.2663742065913,26.589956130988696
2024-08-03 00:42:00,21,sexta,verão,25.37413679587768,2,62.019033211383004,9.30285498170745
2024-06-27 15:28:00,24,terça,verão,29.43795631370871,4,152.16116816309432,22.824175224464145
2024-01-12 15:07:00,13,terça,inverno,4.41079362280476,1,17.893612683858475,2.684041902578771
2024-11-16 04:03:00,9,sábado,outono,9.484897864698851,2,26.060032590701244,3.9090048886051862
2024-04-17 18:02:00,16,quarta,primavera,12.181419530452366,4,89.98702833163172,13.498054249744758
2024-08-16 15:10:00,17,segunda,verão,27.618825069801723,1,26.12053403164345,3.9180801047465175
2024-03-30 19:28:00,19,segunda,primavera,17.941356457199134,4,121.4514363582378,18.217715453735668
2024-02-13 06:26:00,10,segunda,inverno,1.7617918559390944,2,25.409433484751276,3.811415022712691
2024-02-01 07:35:00,8,quarta,inverno,4.1763115827111585,4,43.74567882587028,6.5618518238805414
2024-12-20 20:15:00,19,sexta,inverno,2.8380386091850607,4,99.82763737192259,14.974145605788388
2024-06-07 14:06:00,20,domingo,verão,29.27845291114434,5,158.07587442971823,23.711381164457734
2024-01-11 02:42:00,8,sábado,inverno,9.036634350929681,4,49.966891969189994,7.4950337953784985
2024-10-22 15:19:00,10,quinta,outono,10.651499518430608,5,74.5277491171228,11.179162367568418
2024-04-12 13:28:00,23,sábado,primavera,16.90560407150964,5,179.8048156074536,26.97072234111804
2024-04-30 17:15:00,10,sábado,primavera,12.733870138884015,3,42.733870138884015,6.410080520832602
2024-11-30 07:43:00,3,terça,outono,10.618267741015437,1,4.468009451511699,0.6702014177267548
2024-09-21 16:46:00,5,quinta,outono,6.198024689153122,2,13.272609052689477,1.9908913579034215
2024-06-03 00:52:00,0,sexta,verão,29.843979760037755,3,0.0,0.0
2024-11-22 21:57:00,18,segunda,outono,12.76181249129428,1,28.22279624425423,4.233419436638134
2024-05-24 09:05:00,12,quarta,primavera,17.756820341259584,2,38.20545627300767,5.7308184409511504
2024-05-14 18:40:00,24,domingo,primavera,12.36591996291845,4,135.57094388133902,20.335641582200854
2024-11-04 15:08:00,12,quarta,outono,13.34046658375977,2,38.1396105937086,5.720941589056291
2024-09-06 18:37:00,5,domingo,outono,8.214435320957245,2,14.011959617684322,2.101793942652648
2024-10-10 00:41:00,2,quarta,outono,8.14456120346797,1,2.7972678215876514,0.4195901732381477
2024-09-28 18:02:00,21,sexta,outono,14.148414588761431,5,169.97139616673152,25.49570942500973
2024-07-14 04:11:00,24,quarta,verão,25.10201792512826,4,141.06116588832836,21.159174883249253
2024-07-08 13:45:00,9,segunda,verão,25.017863725178948,4,52.81714917617179,7.922572376425768
2024-07-26 10:52:00,20,sábado,verão,24.401490989416235,2,58.02825705537732,8.704238558306598
2024-12-09 10:33:00,0,domingo,inverno,0.06995036652269881,2,0.0,0.0
2024-07-21 05:43:00,6,sábado,verão,28.697218419044265,5,46.95777473523542,7.043666210285313
2024-06-22 08:57:00,13,quarta,verão,25.69920299135772,4,77.23622814801604,11.585434222202405
2024-06-02 19:29:00,21,quarta,verão,26.1603776799776,3,94.34943450236237,14.152415175354355
2024-12-21 11:16:00,22,quarta,inverno,6.130739433428255,4,127.18020280566743,19.077030420850114
2024-10-28 10:23:00,10,terça,outono,5.621368903423253,1,13.061168597921858,1.9591752896882786
2024-07-26 12:07:00,15,domingo,verão,24.422459252743785,3,65.30695110329253,9.79604266549388
2024-03-23 19:22:00,16,sexta,primavera,11.649219296803839,5,111.0645847914769,16.659687718721536
2024-08-31 23:08:00,2,terça,verão,29.173397970755172,5,15.779572792201378,2.366935918830207
2024-10-10 06:27:00,10,sexta,outono,10.655692645696465,2,29.814174606844073,4.472126191026611
2024-10-25 20:35:00,6,sexta,outono,7.0295473449651205,1,8.146500415892326,1.221975062383849
2024-03-10 08:59:00,22,quinta,primavera,12.92681794271446,5,157.3983324566197,23.609749868492955
2024-08-17 06:33:00,2,sábado,verão,28.74956314333982,1,3.1333100343114575,0.4699965051467186
2024-02-20 13:29:00,15,terça,inverno,1.7165202808630053,1,19.029912168517804,2.8544868252776703
2024-02-13 15:09:00,16,quarta,inverno,5.757664323748562,4,91.53962066879632,13.730943100319447
2024-11-09 14:12:00,19,domingo,outono,10.380411741343272,3,84.39506053940744,12.659259080911115
2024-10-25 11:02:00,13,sexta,outono,5.659686564033803,5,84.98891964428056,12.748337946642083
2024-09-16 19:43:00,8,domingo,outono,11.38517764768682,4,48.558608439952536,7.28379126599288
2024-08-14 13:58:00,4,domingo,verão,29.929196980631595,3,19.177343033802114,2.876601455070317
2024-06-16 08:58:00,18,segunda,verão,23.713041645312096,5,128.91129994874905,19.336694992312356
2024-12-27 13:06:00,0,quinta,inverno,4.028200989759407,1,0.0,0.0
2024-02-25 07:33:00,18,domingo,inverno,7.6418027004163935,4,108.4083917771992,16.26125876657988
2024-04-08 00:03:00,1,segunda,primavera,12.84599145320422,4,5.712798860427229,0.8569198290640844
2024-03-05 14:40:00,8,sexta,primavera,12.800426115564894,4,45.653787856602555,6.848068178490383
2024-08-07 18:00:00,6,domingo,verão,24.695555039225717,2,17.502577612552233,2.625386641882835
2024-11-20 21:05:00,12,terça,outono,9.76665863669895,3,52.49198940044262,7.873798410066392
2024-10-15 08:27:00,7,quinta,outono,10.607007771016754,5,52.112326639471505,7.816848995920726
2024-11-07 10:49:00,23,segunda,outono,8.816239670306677,1,32.7350287886253,4.910254318293795
2024-11-06 04:58:00,8,segunda,outono,11.699288796714029,3,36.695374141108346,5.504306121166252
2024-02-01 13:23:00,15,sexta,inverno,9.780034965978507,1,23.868020979587104,3.5802031469380657
2024-08-29 17:23:00,14,quarta,verão,24.73250652048371,3,61.30040730294176,9.195061095441263
2024-04-28 18:38:00,9,quinta,primavera,10.481582487451593,4,48.57789898494191,7.286684847741286
2024-02-14 06:11:00,17,domingo,inverno,6.491114971978153,3,74.44187454283542,11.166281181425314
2024-02-04 11:33:00,11,quarta,inverno,3.4641364763534233,1,14.724220049595505,2.208633007439326
2024-04-02 03:18:00,4,domingo,primavera,11.602436275994236,1,5.5469915034658985,0.8320487255198847
2024-06-06 17:40:00,19,sábado,verão,21.117488447017333,2,51.79905495964423,7.769858243946635
2024-03-19 07:20:00,4,segunda,primavera,13.04148420774518,3,17.216593683098072,2.5824890524647106
2024-03-26 20:25:00,6,segunda,primavera,14.36022577355029,5,44.36022577355029,6.6540338660325435
2024-12-10 18:42:00,4,domingo,inverno,1.0744552993467602,4,19.887651391581926,2.9831477087372886
2024-03-23 00:14:00,15,quarta,primavera,12.850400152519939,5,107.12600038129985,16.068900057194977
2024-06-02 10:10:00,3,sexta,verão,28.791480628932163,1,4.703318450314574,0.7054977675471862
2024-01-08 00:43:00,18,terça,inverno,7.190520088149882,3,80.33152339040375,12.04972850856056
2024-02-28 03:46:00,15,sexta,inverno,2.384399859640276,4,77.72255966313666,11.6583839494705
2024-11-09 02:56:00,18,terça,outono,9.245556958161998,5,129.51033796193462,19.426550694290192
2024-03-14 06:19:00,2,sábado,primavera,12.629318120846419,3,8.525863624169284,1.2788795436253926
2024-09-18 01:43:00,4,quinta,outono,8.456128753646782,5,28.201161086007644,4.230174162901147
2024-10-27 14:41:00,24,sexta,outono,9.145717042242552,3,103.34469299152035,15.501703948728052
2024-06-09 18:59:00,19,quinta,verão,28.941673589309325,2,59.72756257050011,8.959134385575016
2024-08-11 09:38:00,17,terça,verão,24.90335514264618,2,49.77904199599921,7.466856299399881
2024-07-21 19:00:00,2,sábado,verão,20.53573929178409,2,5.390478857790304,0.8085718286685455
2024-12-22 16:28:00,19,quarta,inverno,0.4903102401575188,1,23.172635782519713,3.475895367377957
2024-05-09 20:42:00,2,quinta,primavera,10.640513605368739,3,8.128102721073748,1.2192154081610622
2024-07-18 23:17:00,1,sexta,verão,24.31512934157162,3,4.345210347325731,0.6517815520988596
2024-10-04 02:45:00,10,quinta,outono,13.225814940864758,4,63.397861913268315,9.509679286990247
2024-03-15 17:58:00,7,quinta,primavera,10.709333033323253,2,18.997688748884183,2.8496533123326273
2024-03-12 23:25:00,3,sábado,primavera,17.47200373927962,5,23.73600186963981,3.5604002804459713
2024-12-07 03:39:00,11,quarta,inverno,3.6150215615936823,2,29.581218974202443,4.437182846130367
2024-09-03 14:14:00,2,terça,outono,6.442755706912509,3,8.017406255520752,1.2026109383281127
2024-11-04 02:19:00,10,domingo,outono,10.12076583314511,5,73.55473736076604,11.033210604114906
2024-05-08 15:46:00,13,sábado,primavera,18.450454996951542,1,20.99519716534567,3.14927957480185
2024-05-11 23:43:00,21,quinta,primavera,15.820838352682811,3,96.2237605406339,14.433564081095085
2024-03-07 07:09:00,10,sábado,primavera,17.511418104816713,3,47.51141810481671,7.1267127157225065
2024-07-27 09:57:00,23,terça,verão,24.702918904331007,4,134.20449437862544,20.130674156793816
2024-05-18 21:02:00,23,sábado,primavera,13.533202317478803,2,66.75091022013417,10.012636533020126
2024-12-17 03:06:00,14,sábado,inverno,9.646059936205479,3,66.60538069282521,9.99080710392378
2024-03-30 17:55:00,22,quarta,primavera,19.785903568220316,5,182.5483130834745,27.382246962521176
2024-04-12 11:47:00,2,domingo,primavera,17.87183120586134,5,15.957277068620446,2.393591560293067
2024-06-22 02:01:00,20,segunda,verão,25.316174971344658,2,59.00391996943431,8.850587995415145
2024-12-18 13:46:00,7,terça,inverno,0.9838556206026006,3,26.026438721306185,3.9039658081959274
2024-04-03 01:21:00,22,terça,primavera,11.608347194295295,1,30.512787942483214,4.576918191372482
2024-11-18 00:46:00,9,quarta,outono,11.754819461944546,5,68.89545211220852,10.334317816831277
2024-06-30 18:54:00,10,quarta,verão,25.885886416372944,1,14.902903044366118,2.2354354566549177
2024-03-15 06:48:00,3,segunda,primavera,15.883884410025502,3,13.765165323007649,2.0647747984511473
2024-02-18 17:04:00,1,quinta,inverno,1.117912118607415,4,4.978865938977186,0.7468298908465778
2024-12-21 04:50:00,12,sábado,inverno,4.527341615190682,3,49.719371925874576,7.457905788881186
2024-03-05 18:16:00,15,quinta,primavera,16.182249453481123,1,23.091124726740563,3.4636687090110843
2024-08-30 04:05:00,18,sexta,verão,21.444375600374666,5,123.4665014408992,18.519975216134878
2024-02-03 07:35:00,9,segunda,inverno,0.4607183221541238,3,32.89757578792645,4.934636368188968
2024-04-04 23:56:00,17,sábado,primavera,11.096871240003154,2,46.57645407200357,6.986468110800535
2024-02-02 15:53:00,15,sexta,inverno,5.387636140105179,5,106.16290842031553,15.92443626304733
2024-06-27 18:25:00,21,terça,verão,24.50594481890066,5,152.61664549292186,22.892496823938277
2024-06-07 00:11:00,23,sexta,verão,23.950955630461042,1,33.089919453349445,4.963487918002417
2024-07-05 15:31:00,15,terça,verão,29.131635535910164,2,47.305308428728125,7.095796264309219
2024-12-26 10:33:00,14,quinta,inverno,7.042965937749822,5,103.7203046256995,15.558045693854924
2024-11-27 23:03:00,1,segunda,outono,11.62553546251767,4,6.105078534502592,0.9157617801753888
2024-09-18 14:23:00,1,terça,outono,11.318320569029522,5,7.5750254376554125,1.1362538156483117
2024-12-19 18:33:00,8,quarta,inverno,2.0037718352863876,5,51.206034936458224,7.680905240468733
2024-04-16 07:52:00,14,segunda,primavera,12.22524480191435,2,39.41022848178673,5.9115342722680095
2024-09-03 01:46:00,9,segunda,outono,5.323616116235651,2,23.31358663671553,3.4970379955073296
2024-01-31 22:22:00,22,sábado,inverno,8.677229231000489,2,68.07192344656085,10.210788516984126
2024-07-07 11:18:00,3,quarta,verão,20.562644294087534,5,20.225057717635014,3.033758657645252
2024-06-03 07:33:00,18,sexta,verão,25.351816738958554,5,132.84436017350055,19.92665402602508
2024-12-14 11:22:00,12,terça,inverno,0.11481266430662806,5,72.27555039433591,10.841332559150386
2024-10-29 06:23:00,9,sábado,outono,8.075308351820311,1,12.564851756100705,1.8847277634151056
2024-12-02 22:46:00,6,sexta,inverno,1.4134725637887513,1,7.539233415309299,1.130885012296395
2024-10-22 07:32:00,6,sábado,outono,14.638910550384638,1,9.82056032108462,1.473084048162693
2024-01-30 11:55:00,3,terça,inverno,6.141531599549229,2,8.673967583891814,1.301095137583772
2024-04-07 23:49:00,23,quarta,primavera,10.173593248027307,3,92.39926447046281,13.859889670569421
2024-09-08 21:27:00,2,segunda,outono,12.936548561525424,5,15.74340113922599,2.361510170883898
2024-03-26 12:24:00,2,terça,primavera,15.264409240620452,1,3.0176272827080304,0.4526440924062045
2024-12-18 23:19:00,11,sexta,inverno,0.5780065015810365,5,67.27161430347829,10.090742145521743
2024-07-28 23:29:00,17,domingo,verão,26.122359449630128,2,50.88427256766465,7.632640885149698
2024-08-21 04:14:00,15,terça,verão,24.00056478952454,5,108.00112957904909,16.20016943685736
2024-02-19 19:52:00,1,sexta,inverno,9.067963951327808,1,1.5627185580531122,0.23440778370796683
2024-12-28 11:17:00,3,sexta,inverno,2.1878995237374843,2,7.725095885696995,1.1587643828545493
2024-08-17 04:09:00,18,quarta,verão,24.902532084352444,1,26.353215400489177,3.9529823100733763
2024-10-20 15:17:00,24,domingo,outono,12.601245504179452,5,187.44548021838958,28.116822032758435
2024-06-15 11:43:00,10,quarta,verão,20.164813509937886,4,53.50913441060041,8.02637016159006
2024-04-11 03:33:00,1,quinta,primavera,18.717042429914386,4,6.495605657321918,0.9743408485982876
2024-08-07 21:09:00,3,quarta,verão,23.83470873033148,2,8.613553396853039,1.2920330095279557
2024-01-15 07:04:00,17,domingo,inverno,7.41850272223589,4,101.77832740448162,15.266749110672242
2024-12-04 16:27:00,10,quarta,inverno,1.6149096319039646,5,63.229819263807926,9.484472889571189
2024-06-01 00:23:00,11,segunda,verão,24.23491478648759,2,31.817816674739387,4.7726725012109075
2024-01-12 10:01:00,3,quinta,inverno,0.3341829368533915,3,10.920305857267218,1.6380458785900827
2024-10-28 00:27:00,18,quinta,outono,8.638863733483078,3,76.5049501922965,11.475742528844476
2024-01-09 13:21:00,5,quarta,inverno,4.996857335669964,2,13.998742934267987,2.099811440140198
2024-03-27 21:27:00,8,segunda,primavera,17.631156329539937,2,25.403283375754633,3.810492506363195
2024-03-27 19:18:00,10,terça,primavera,17.94599444991055,5,79.90999074985092,11.986498612477638
2024-05-10 14:03:00,7,quarta,primavera,14.817889751360784,1,10.457507608650848,1.5686261412976272
2024-01-07 22:34:00,21,sábado,inverno,9.513075726114765,4,132.7639344397456,19.91459016596184
2024-12-24 18:29:00,24,sexta,inverno,8.61480610560497,4,148.28085544552306,22.24212831682846
2024-08-21 03:39:00,17,domingo,verão,27.86314915696522,1,26.231294284490904,3.9346941426736355
2024-06-07 00:28:00,3,domingo,verão,25.9712775352549,2,8.955404405640785,1.3433106608461176
2024-09-23 01:59:00,22,quarta,outono,10.074797732263653,5,161.6350175201301,24.245252628019514
2024-08-11 13:01:00,22,sexta,verão,20.388749050376354,4,118.24559777154987,17.73683966573248
2024-03-07 11:07:00,5,quarta,primavera,17.681121648932113,3,23.840560824466056,3.5760841236699084
2024-02-27 13:49:00,18,segunda,inverno,2.14872740622595,1,23.14708373248268,3.472062559872402
2024-11-28 06:23:00,2,quinta,outono,11.770278697171788,3,9.189461313377794,1.378419197006669
2024-12-29 12:43:00,1,sexta,inverno,9.649705920984541,5,7.929941184196909,1.1894911776295363
2024-11-18 23:49:00,3,domingo,outono,5.098881069003479,2,7.721753835180766,1.1582630752771148
2024-01-30 19:17:00,1,sexta,inverno,6.234771713348821,3,4.348172605601858,0.6522258908402787
2024-02-06 17:02:00,18,segunda,inverno,9.32404498354955,5,141.56656194077837,21.234984291116756
2024-10-04 01:51:00,2,sexta,outono,13.231481050463078,5,15.851543051836462,2.3777314577754693
2024-06-16 16:59:00,4,domingo,verão,24.885686237423762,2,11.70894639731707,1.7563419595975607
2024-07-19 03:10:00,8,quarta,verão,22.20162320433068,1,11.136346283590546,1.670451942538582
2024-03-11 19:14:00,4,terça,primavera,17.46033506421981,5,31.640223376146537,4.7460335064219805
2024-03-12 20:23:00,14,sábado,primavera,17.78176215803389,5,111.49077836874575,16.723616755311863
2024-01-08 05:42:00,23,terça,inverno,8.868259581403855,2,71.51759762978308,10.727639644467462
2024-03-09 00:55:00,0,quinta,primavera,17.379792950701805,2,0.0,0.0
2024-06-03 04:21:00,14,domingo,verão,27.97016928764939,2,43.28439306811155,6.492658960216732
2024-02-20 02:16:00,7,quinta,inverno,8.89475475819527,5,54.45265666147338,8.167898499221007
2024-12-07 17:03:00,13,sexta,inverno,5.528490858717331,5,92.37407623266506,13.85611143489976
2024-01-13 07:47:00,24,quinta,inverno,0.8341695178634048,4,118.40321094859547,17.76048164228932
2024-05-08 01:10:00,0,domingo,primavera,11.80028464514939,2,0.0,0.0
2024-03-06 20:43:00,9,sexta,primavera,18.371203638640957,4,58.04544436636915,8.706816654955373
2024-11-26 08:29:00,18,quarta,outono,6.207074645890755,5,119.48334633143949,17.922501949715922
2024-11-25 23:31:00,24,domingo,outono,5.965702629296176,3,94.9494549413419,14.242418241201284
2024-04-22 07:02:00,11,quarta,primavera,17.618484313398483,1,17.46011091491278,2.619016637236917
2024-02-01 05:54:00,8,sábado,inverno,1.4037795502866235,3,30.147628368275154,4.5221442552412725
2024-09-15 18:10:00,19,terça,outono,7.780090431191598,5,131.6006483353174,19.74009725029761
2024-03-25 23:52:00,23,sexta,primavera,15.492825280504277,5,174.38916357526642,26.158374536289962
2024-08-02 06:41:00,16,terça,verão,26.755511916640646,2,48.431370168866685,7.264705525330003
2024-05-20 21:49:00,20,domingo,primavera,11.310259875207276,4,110.16069300055273,16.524103950082907
2024-10-06 17:28:00,20,segunda,outono,11.194914892023032,2,60.41920850830045,9.062881276245067
2024-11-06 22:36:00,22,segunda,outono,8.911514931549103,4,125.5544881791318,18.833173226869768
2024-11-18 14:55:00,0,quarta,outono,13.955420546509863,4,0.0,0.0
2024-12-08 06:39:00,10,terça,inverno,6.187914715533809,4,57.9006635448541,8.685099531728115
2024-05-05 22:53:00,3,sábado,primavera,19.16978278949992,1,4.916978278949992,0.7375467418424988
2024-07-19 20:46:00,21,terça,verão,26.776704592363835,5,158.97477285861873,23.84621592879281
2024-02-09 01:15:00,20,sexta,inverno,5.233619356992669,2,56.37379097118827,8.45606864567824
2024-01-04 22:51:00,2,quinta,inverno,1.3411294576423871,1,2.507290356611391,0.37609355349170864
2024-01-07 19:06:00,18,sábado,inverno,5.218261429877671,3,76.07144468853576,11.410716703280364
2024-03-29 03:19:00,21,domingo,primavera,19.616219681324896,5,173.65676888463713,26.04851533269557
2024-02-11 13:53:00,17,sexta,inverno,4.647555882008972,1,23.560337999766098,3.5340506999649146
2024-12-09 18:01:00,16,quinta,inverno,9.029329422826022,4,99.91508332243461,14.98726249836519
2024-05-15 05:26:00,17,sexta,primavera,18.151029550765088,1,27.285583412100216,4.092837511815032
2024-12-14 23:50:00,5,segunda,inverno,1.028474340693716,4,24.822779472554974,3.723416920883246
2024-03-14 01:07:00,8,quinta,primavera,13.710174965959022,2,23.312093315178146,3.4968139972767216
2024-05-22 08:11:00,5,quinta,primavera,17.802494578196125,4,31.86832971879742,4.780249457819613
2024-11-07 21:25:00,21,sexta,outono,7.763708968496421,1,29.078055905742247,4.361708385861337
2024-03-04 19:45:00,17,domingo,primavera,13.259988641961035,2,49.02798712755584,7.354198069133376
2024-06-29 00:49:00,24,quarta,verão,26.286625996427365,3,108.07032191314055,16.210548286971083
2024-04-05 01:30:00,13,domingo,primavera,10.000666742943132,5,86.66811127637679,13.000216691456519
2024-05-02 08:43:00,24,sábado,primavera,11.151298514364134,2,65.84207762298261,9.876311643447393
2024-05-16 16:38:00,2,terça,primavera,16.590595201608636,5,15.530198400536213,2.329529760080432
2024-08-21 19:14:00,9,terça,verão,22.12569687728953,5,62.550836252747445,9.382625437912116
2024-09-17 22:21:00,20,domingo,outono,13.235332215218547,2,63.41182058232054,9.51177308734808
2024-08-22 10:47:00,2,segunda,verão,28.513277681204947,3,9.362124428992793,1.404318664348919
2024-12-21 10:47:00,19,quinta,inverno,9.01516048609581,3,88.95456590829843,13.343184886244766
2024-07-28 22:52:00,7,quinta,verão,28.80627576895367,5,54.88585738435676,8.232878607653515
2024-10-16 23:10:00,21,quinta,outono,13.476551689021084,4,133.90777920218497,20.086166880327745
2024-03-26 05:52:00,12,sexta,primavera,15.055637260777512,1,18.022254904311005,2.7033382356466507
2024-10-28 20:31:00,5,quinta,outono,8.475221622030165,5,35.268953153527654,5.290342973029148
2024-12-10 22:25:00,23,quarta,inverno,8.01921998532075,4,139.91072954598036,20.986609431897055
2024-03-03 03:41:00,1,segunda,primavera,15.052650853550642,1,1.501755028451688,0.2252632542677532
2024-04-12 08:34:00,3,quarta,primavera,18.110224082821965,5,24.055112041410986,3.6082668062116476
2024-11-04 19:17:00,11,quarta,outono,5.219440424176182,4,56.82069721767091,8.523104582650637
2024-08-10 19:41:00,11,domingo,verão,25.486822119498758,5,81.38067244193152,12.207100866289728
2024-06-16 23:10:00,23,sexta,verão,24.671195252746003,4,134.12666568673689,20.118999853010532
2024-06-24 23:31:00,23,segunda,verão,20.785685290457398,4,124.59421457925549,18.689132186888322
2024-02-08 03:22:00,21,terça,inverno,6.2226947667410615,1,30.42706360406249,4.564059540609374
2024-11-14 05:24:00,9,sexta,outono,6.06064846665109,3,35.70004198198458,5.355006297297687
2024-12-13 00:16:00,16,domingo,inverno,1.570258768256363,1,20.20496561168407,3.0307448417526106
2024-08-31 05:59:00,2,segunda,verão,23.299854884871646,5,14.213294635965772,2.131994195394866
2024-11-27 09:52:00,19,domingo,outono,5.224547457385392,1,24.539768061978496,3.680965209296774
2024-08-04 04:51:00,9,quinta,verão,23.912136349097544,2,25.87782544756682,3.881673817135023
2024-05-19 20:33:00,7,terça,primavera,17.574557924641212,2,22.201460364832567,3.330219054724885
2024-03-21 21:30:00,20,terça,primavera,13.518326823290296,3,87.03665364658059,13.055498046987088
2024-10-21 08:47:00,4,sexta,outono,7.336581974148087,1,5.476032022875054,0.8214048034312581
2024-11-18 01:53:00,11,sábado,outono,9.643039093405,3,47.96807730302005,7.195211595453007
2024-02-23 00:43:00,16,sexta,inverno,8.072623608712815,4,97.46591643830482,14.619887465745721
2024-09-08 12:54:00,9,terça,outono,8.082152561887419,5,62.83555172711425,9.425332759067137
2024-08-30 02:39:00,17,sexta,verão,20.91708190329536,3,69.2472313884817,10.387084708272253
2024-10-02 03:06:00,7,domingo,outono,10.02244140626542,3,30.817279882824376,4.622591982423656
2024-11-22 12:52:00,17,terça,outono,5.3437877273656955,2,44.061922033449235,6.609288305017385
2024-03-29 17:06:00,20,terça,primavera,12.066907657738113,1,28.04460510515874,4.206690765773811
2024-12-30 07:13:00,7,sexta,inverno,3.515082924969856,2,18.76844643798312,2.8152669656974676
2024-04-21 02:36:00,19,sábado,primavera,12.018893798820354,5,133.0598303629311,19.958974554439667
2024-05-10 08:12:00,11,sábado,primavera,17.334293389678223,5,86.77953788107673,13.01693068216151
2024-02-12 05:17:00,12,segunda,inverno,4.209436095707434,1,16.42052932593957,2.4630793988909354
2024-04-08 19:19:00,4,terça,primavera,15.392851650975526,2,12.10476044026014,1.815714066039021
2024-05-26 03:24:00,20,quinta,primavera,16.132287151081325,5,153.7742905036044,23.066143575540657
2024-10-29 18:41:00,11,domingo,outono,13.430270632603104,5,87.58437910908293,13.13765686636244
2024-02-08 12:11:00,4,domingo,inverno,3.9177640500420594,1,5.4268422480067295,0.8140263372010094
2024-09-24 13:34:00,7,segunda,outono,6.014544755892434,1,9.243733154012393,1.386559973101859
2024-05-03 21:12:00,21,quinta,primavera,19.021857250765706,5,171.57650037768,25.736475056651997
2024-07-14 06:10:00,19,sábado,verão,28.917007862719988,1,29.851283983778128,4.477692597566719
2024-08-28 05:28:00,12,quinta,verão,20.780657852225968,1,16.249810512712312,2.4374715769068467
2024-11-23 17:27:00,9,quarta,outono,10.638599707744936,3,40.232213710667494,6.034832056600124
2024-02-21 21:57:00,18,domingo,inverno,4.529145657407403,3,74.58295461999998,11.187443192999996
2024-07-28 19:07:00,13,sábado,verão,28.317163928226442,2,40.43323365690367,6.06498504853555
2024-12-15 07:57:00,0,quarta,inverno,8.649400100943396,4,0.0,0.0
2024-04-23 02:43:00,4,segunda,primavera,16.585242248103313,3,18.634096899241328,2.795114534886199
2024-04-02 03:23:00,6,sábado,primavera,12.407817307953106,1,8.481563461590621,1.272234519238593
2024-05-26 01:12:00,20,sábado,primavera,14.382530003685504,3,88.765060007371,13.314759001105651
2024-06-16 23:55:00,0,domingo,verão,28.716478379591045,4,0.0,0.0
2024-10-31 18:30:00,9,domingo,outono,12.595439374923217,3,42.16948498117399,6.3254227471760975
2024-02-03 13:14:00,17,segunda,inverno,5.719429944535824,5,121.4460618114218,18.21690927171327
2024-08-12 12:33:00,22,sábado,verão,22.92447037274328,2,62.098045237352125,9.314706785602818
2024-10-17 12:29:00,11,sábado,outono,6.5149412610437345,3,44.18307892586293,6.627461838879439
2024-01-11 12:08:00,22,terça,inverno,5.188751372531647,2,61.932202415655695,9.289830362348354
2024-06-21 03:19:00,9,quarta,verão,26.189564809627548,5,67.42747777155306,10.114121665732958
2024-11-05 01:34:00,8,terça,outono,11.702077115141005,2,24.465218574216056,3.669782786132408
2024-10-24 16:08:00,17,quinta,outono,9.180356257382336,1,24.42242206710166,3.663363310065249
2024-02-04 14:11:00,17,sábado,inverno,0.13883789450138462,4,81.97763907304376,12.296645860956565
2024-09-24 16:42:00,9,sexta,outono,6.547552512689194,1,12.060692329187434,1.809103849378115
2024-10-03 03:11:00,12,domingo,outono,11.839419074785239,3,55.22803317871652,8.284204976807478
2024-06-22 09:50:00,9,quarta,verão,20.744289964393978,3,36.53588877436367,5.48038331615455
2024-06-21 14:26:00,24,domingo,verão,25.579153047368912,4,142.28263180126444,21.342394770189667
2024-09-05 15:33:00,2,quarta,outono,7.877683464779729,2,5.555393574834361,0.8333090362251542
2024-06-20 18:01:00,19,quarta,verão,26.347447364817626,2,57.0987466630152,8.56481199945228
2024-10-11 12:58:00,9,quarta,outono,13.935379994419169,4,57.994701592633305,8.699205238894995
2024-10-16 15:46:00,8,quinta,outono,5.256427638831633,5,51.709427203619725,7.7564140805429584
2024-07-30 07:04:00,15,quarta,verão,20.432793740567305,1,20.173117496226922,3.0259676244340383
2024-01-15 08:12:00,10,quinta,inverno,4.720772541938633,5,69.44154508387727,10.41623176258159
2024-04-19 15:18:00,3,terça,primavera,16.874909264053016,3,14.062472779215906,2.1093709168823858
2024-03-04 11:55:00,19,terça,primavera,18.928294751865117,4,123.9516800380583,18.592752005708743
2024-02-16 11:21:00,0,segunda,inverno,8.170007177992222,1,0.0,0.0
2024-08-19 08:53:00,7,segunda,verão,24.606518550277833,3,30.57965038815559,4.586947558223338
2024-11-13 04:48:00,9,domingo,outono,12.459679758722563,5,70.05847160189224,10.508770740283834
2024-01-12 13:07:00,4,terça,inverno,4.992816163155508,3,16.796551758314642,2.519482763747196
